formula_name,source_book
Aebunangunghwan,方劑學
Agyogyejahwangtang,方劑學
Ahwangsan,腎系內科學
Anbihwan,脾系內科學
Angunguhwanghwan,心系內科學
Anhoeijungtang,脾系內科學
Anjungjogihwan,東醫方劑 處方解說
Anpyesan,肺系內科學
Ansinhwan,肺系內科學
Ansinjeongjihwan,心系內科學
Ansintang,心系內科學
Ansinwon,脾系內科學
Antaeeum,東醫方劑 處方解說
Anwisan,東醫方劑 處方解說
Anwitang,東醫方劑 處方解說
Anyeongsan,東醫方劑 處方解說
Anyeongtang,東醫方劑 處方解說
Awihwan,脾系內科學
Baegieum,肺系內科學
Baegwonja,肺系內科學
Baekbaehwan,脾系內科學
Baekbujahwan,心系內科學
Baekchulbangpungtang,肝系內科學
Baekchulbongnyeongtang,脾系內科學
Baekchulbujatang,脾系內科學
Baekchulgo,脾系內科學
Baekchulhwan,肺系內科學
Baekchulhwawihwan,東醫方劑 處方解說
Baekchuljagyaksan,方劑學
Baekchulsan,東醫方劑 處方解說
Baekchultang,東醫方劑 處方解說
Baekduonggagamchoagyotang,方劑學
Baekduongtang,方劑學
Baekhapgogeumtang,方劑學
Baekhogainsamtang,心系內科學
Baekhogyejitang,東醫方劑 處方解說
Baekhotang,心系內科學
Baekhotang Gami,肺系內科學
Baekhwago,肺系內科學
Baekjabugwihwan,東醫方劑 處方解說
Baekjayangsimhwan,方劑學
Baeksan,方劑學
Baekseolgo,脾系內科學
Baepungtang,東醫方劑 處方解說
Bakhatang,肝系內科學
Balseongsan,東醫方劑 處方解說
Banchongsan,心系內科學
Banggibongnyeongtang,方劑學
Banggichoryeokhwan,脾系內科學
Banggihwanggitang,方劑學
Bangpungcheonmasan,東醫方劑 處方解說
Bangpungchunghwatang,東醫方劑 處方解說
Bangpungdanggwieumja,東醫方劑 處方解說
Bangpungdanggwisan,心系內科學
Bangpungjagyaktang,脾系內科學
Bangpungondamtang,東醫方劑 處方解說
Bangpungsan,肝系內科學
Bangpungtang,心系內科學
Bangpungtongseongsan,心系內科學
Bangwahwan,肺系內科學
Banhabaekchulcheonmatang,方劑學
Banhabongnyeongtang,東醫方劑 處方解說
Banhageongangsan,脾系內科學
Banhageumchultang,東醫方劑 處方解說
Banhahubaktang,方劑學
Banhajichulhwan,東醫方劑 處方解說
Banhaonpyetang,東醫方劑 處方解說
Banhasaenggangtang,肺系內科學
Banhasasimtang,心系內科學
Banhatang,脾系內科學
Banhontang,肺系內科學
Bannyonghwan,肝系內科學
Banyuhwan,脾系內科學
Biahwan,方劑學
Bibangtalmyeongsan,東醫方劑 處方解說
Bibangyangjangtang,脾系內科學
Bigeubosuwon,肺系內科學
Bigeuphwan,心系內科學
Bigihwan,肝系內科學
Bihaebuncheongeum,方劑學
Bihaeeum,腎系內科學
Bihaesamseubeum,肺系內科學
Bihwaeum,東醫方劑 處方解說
Bijeogwon,脾系內科學
Bijeonganggitang,東醫方劑 處方解說
Bijeonsamseongo,脾系內科學
Bijeonsungisan,東醫方劑 處方解說
Bingbungsan,肝系內科學
Binsosan,東醫方劑 處方解說
Bisinssangbohwan,脾系內科學
Biwondan,腎系內科學
Biyakhwan,東醫方劑 處方解說
Boanhwan,東醫方劑 處方解說
Boatang,腎系內科學
Bobiikgitang,肝系內科學
Bobiikjintang,東醫方劑 處方解說
Bobitang,東醫方劑 處方解說
Bocheondaejohwan,肝系內科學
Bocheonhwan,肝系內科學
Boeumsahwatang,東醫方劑 處方解說
Boeumsan,東醫方劑 處方解說
Boganhwan,東醫方劑 處方解說
Boganjanggeuntang,肝系內科學
Bogansan,肝系內科學
Bogantang,心系內科學
Bogisaenghyeoltang,東醫方劑 處方解說
Bogiunbitang,脾系內科學
Bogiunbitanggagam,脾系內科學
Bogoljiansinhwan,肺系內科學
Bogoljihwan,東醫方劑 處方解說
Bogwonhwalhyeoltang,方劑學
Bogwontonggisan,肺系內科學
Boheomjeon,肝系內科學
Bohwahwan,方劑學
Bohwahwangami,脾系內科學
Bohyeoransintang,心系內科學
Bohyeoryeonggeunhwan,肝系內科學
Boigyangyeongtang,東醫方劑 處方解說
Bojeongtang,腎系內科學
Bojesodogeum,方劑學
Bojingo,脾系內科學
Bojinhwan,脾系內科學
Bojinongnohwan,腎系內科學
Bojintang,東醫方劑 處方解說
Bojungchiseuptang,東醫方劑 處方解說
Bojungikgihwan,肝系內科學
Bojungikgitang,心系內科學
Bojungikgitang Gami,肺系內科學
Bojungikgitanghapjisusangagam,肺系內科學
Bojungtang,東醫方劑 處方解說
Bokbangdaeseunggitang,方劑學
Bokbangdaesihotang,方劑學
Bokchongtang,東醫方劑 處方解說
Boksinhwan,東醫方劑 處方解說
Boksinsan,肺系內科學
Boksintang,東醫方劑 處方解說
Bomyeongcheonmundonghwan,肺系內科學
Bomyeongdan,東醫方劑 處方解說
Bomyeongsaengjihwangsan,肝系內科學
Bongganghwan,肺系內科學
Bongnyanghwan,肝系內科學
Bongnyeongbanhatang,東醫方劑 處方解說
Bongnyeongbosimtang,心系內科學
Bongnyeongeum,脾系內科學
Bongnyeongeumja,東醫方劑 處方解說
Bongnyeonggamchotang,肺系內科學
Bongnyeonghaengingamchotang,脾系內科學
Bongnyeonghobaksan,東醫方劑 處方解說
Bongnyeongjohwago,脾系內科學
Bongnyeongjohyeoltang,東醫方劑 處方解說
Bongnyeongomijatang,肺系內科學
Bongnyeongsamseuptang,東醫方劑 處方解說
Bongnyeongtaeksasaenggangbanhatang,脾系內科學
Bongnyeongtang,心系內科學
Bonguisan,腎系內科學
Bopoeum(Tang),腎系內科學
Bopyeagyosan,肝系內科學
Bopyeagyotang,方劑學
Bopyesan,肺系內科學
Bopyetang,心系內科學
Bosaengdan,東醫方劑 處方解說
Bosaengtang,東醫方劑 處方解說
Bosimdan,腎系內科學
Bosimgeonbitang,肝系內科學
Bosinhwan,東醫方劑 處方解說
Bosinjihwangwon,肝系內科學
Bosinseongacheontang,肺系內科學
Bosintang,腎系內科學
Bosinyangbihwan,東醫方劑 處方解說
Bowontang,心系內科學
Boyanghwanotang,心系內科學
Boyeongtang,肝系內科學
Bugyeijunghwan,脾系內科學
Buhwangeumjeonggisan,肺系內科學
Bujaijunghwan,方劑學
Bujaijunghwan Hap Jininyangjangtanggagam,脾系內科學
Bujaijungtang,東醫方劑 處方解說
Bujaijungtang Hap Sasinhwangagam,脾系內科學
Bujaijungtanggagam,脾系內科學
Bujaonjungtang,東醫方劑 處方解說
Bujapalmultang,心系內科學
Bujasasimtang,東醫方劑 處方解說
Bujatang,方劑學
Bulhwangeumdan,東醫方劑 處方解說
Bulhwangeumjeonggisan,方劑學
Bulhwangimjeonggisan,東醫方劑 處方解說
Bulsusan,東醫方劑 處方解說
Bumyeongsaenghwadan,腎系內科學
Bundonhwan,東醫方劑 處方解說
Bungieum,東醫方劑 處方解說
Bungsawon,肝系內科學
Bunsimgieum,心系內科學
Bunsotang,東醫方劑 處方解說
Buwonsan,肝系內科學
Buyangjowitang,心系內科學
Byeogoksan,方劑學
Byeoksadan,肺系內科學
Byeoksonjeongja,東醫方劑 處方解說
Byeolgabeumja,肺系內科學
Byeolgapjeonhwan,方劑學
Byeollisan,東醫方劑 處方解說
Byeonjesimgieum,脾系內科學
Changbaekjeopihwan,東醫方劑 處方解說
Changchulbaekhotang,心系內科學
Changchulbangpungtang,脾系內科學
Changchulbujeonsan,東醫方劑 處方解說
Changchulbujeontang,東醫方劑 處方解說
Changchulgo,脾系內科學
Changgyultang,東醫方劑 處方解說
Changijasan,方劑學
Changjolsan,心系內科學
Changneumsan,方劑學
Changneumtang,東醫方劑 處方解說
Changnyeonhwan,脾系內科學
Changnyeontang,東醫方劑 處方解說
Changpohwan,肝系內科學
Changposan,肝系內科學
Chanyukdan,東醫方劑 處方解說
Cheokchangeum,肝系內科學
Cheokdamtang,方劑學
Cheolbunsan,東醫方劑 處方解說
Cheongbieum,方劑學
Cheongchochangbaektang,東醫方劑 處方解說
Cheongdaetang,方劑學
Cheongdamhwan,脾系內科學
Cheongeumjimihwan,肺系內科學
Cheongeummaengmundongtang,肺系內科學
Cheongeumomijatang,肺系內科學
Cheongeumonbitang,脾系內科學
Cheongeumsan,脾系內科學
Cheongeumwigyeongtang,肺系內科學
Cheongeumyangbiwon,脾系內科學
Cheongeunhwan,脾系內科學
Cheonggaktang,東醫方劑 處方解說
Cheonggandochetang,腎系內科學
Cheonggangeonbitang,肝系內科學
Cheongganhaejutang,肝系內科學
Cheongganhaeultang,東醫方劑 處方解說
Cheonggansamseuptang,腎系內科學
Cheonggansoyosan,東醫方劑 處方解說
Cheonggantang,腎系內科學
Cheonggeumdan,肺系內科學
Cheonggeumeum,肺系內科學
Cheonggeumganghwatang,東醫方劑 處方解說
Cheonggeumhwan,肺系內科學
Cheonggeumjagamtang,腎系內科學
Cheonggeumtang,肺系內科學
Cheonggieum,東醫方劑 處方解說
Cheonggihwadamhwan,方劑學
Cheonggimganghwatang,東醫方劑 處方解說
Cheonggimtang,東醫方劑 處方解說
Cheonggisan,東醫方劑 處方解說
Cheonggiseonpungsan,東醫方劑 處方解說
Cheonggolsan,方劑學
Cheonggungtang,方劑學
Cheonggyeongsamultang,東醫方劑 處方解說
Cheonghaetang,心系內科學
Cheonghobyeolgaptang,方劑學
Cheonghobyeolgaptanggami,脾系內科學
Cheonghobyeolgaptanghapjisusangagam,肺系內科學
Cheonghunhwadamtang,心系內科學
Cheonghwaboeumtang,東醫方劑 處方解說
Cheonghwahwadamtang,東醫方劑 處方解說
Cheonghwahwaldamhwan,東醫方劑 處方解說
Cheonghwahwan,肺系內科學
Cheonghwatang,東醫方劑 處方解說
Cheonghyeolhaedoktang,肝系內科學
Cheonghyeoljihwangtang,脾系內科學
Cheonghyeolsamultang,東醫方劑 處方解說
Cheongimyangbiwon,東醫方劑 處方解說
Cheongimyeonsudan,東醫方劑 處方解說
Cheonginigyeoksan,東醫方劑 處方解說
Cheonginyeongpyetang,肺系內科學
Cheongitang,脾系內科學
Cheongjangeumgagam,脾系內科學
Cheongjangtang,心系內科學
Cheongjogupyetang,方劑學
Cheongjotang,心系內科學
Cheongjubaegwonja,肺系內科學
Cheongjungtang,脾系內科學
Cheongmokhyangwon,脾系內科學
Cheongmongseokhwan,肺系內科學
Cheongnageum,方劑學
Cheongnijagamtang,心系內科學
Cheongnyangsan,東醫方劑 處方解說
Cheongnyongsan,肺系內科學
Cheongnyuktang,心系內科學
Cheongonpaedogeum,心系內科學
Cheongpyebohyeoltang,肺系內科學
Cheongpyebosintang,肺系內科學
Cheongpyeeum,東醫方劑 處方解說
Cheongpyehwadamtang,肺系內科學
Cheongpyesaengmaegeum,東醫方劑 處方解說
Cheongpyesaengmaeksan,肺系內科學
Cheongpyesagantang,心系內科學
Cheongpyesahwatang,肺系內科學
Cheongpyetang,心系內科學
Cheongsangbangpungtang,東醫方劑 處方解說
Cheongsangbohahwan,東醫方劑 處方解說
Cheongsangbohatang,肺系內科學
Cheongsanggyeontongtang,心系內科學
Cheongsangsahwatang,心系內科學
Cheongseoigwonsan,肺系內科學
Cheongseoikgitang,心系內科學
Cheongsimbohyeoltang,東醫方劑 處方解說
Cheongsimganghwahwan,心系內科學
Cheongsimjihwangtang,心系內科學
Cheongsimnyeonjaeum,東醫方劑 處方解說
Cheongsimondamtang,東醫方劑 處方解說
Cheongsimsan,肺系內科學
Cheongsimtang,肝系內科學
Cheongsimyeonjaeum,心系內科學
Cheongsimyeonjatang,心系內科學
Cheongsinbogantang,肝系內科學
Cheongsinbogitang,東醫方劑 處方解說
Cheongsingeonbitang,肝系內科學
Cheongsinhaeeohwan,肺系內科學
Cheongsinhaeeotang,東醫方劑 處方解說
Cheongsinikgitang,東醫方劑 處方解說
Cheongsinyangyeongtang,心系內科學
Cheongtangeum,方劑學
Cheonguilbaeeum,腎系內科學
Cheongulsan,心系內科學
Cheongungbongnyeongtang,心系內科學
Cheongungdajosan,心系內科學
Cheongungsan,心系內科學
Cheongwisan,方劑學
Cheongwitang,脾系內科學
Cheongyangsan,東醫方劑 處方解說
Cheongyangtang,東醫方劑 處方解說
Cheongyeoldodamtang,東醫方劑 處方解說
Cheongyeolhaedoksan,東醫方劑 處方解說
Cheongyeolhaedoktang,東醫方劑 處方解說
Cheongyeolhaeultang,心系內科學
Cheongyeoljaeumtang,肝系內科學
Cheongyeolsan,心系內科學
Cheongyeolsaseuptang,東醫方劑 處方解說
Cheongyeolseogeuntang,肝系內科學
Cheongyeonggoehwaeum,肝系內科學
Cheongyeongtang,心系內科學
Cheongyeongtanggagam,心系內科學
Cheongyeorijintang,東醫方劑 處方解說
Cheongyukhwan,東醫方劑 處方解說
Cheonhwasan,東醫方劑 處方解說
Cheonjinhwan,肝系內科學
Cheonjinwon,肺系內科學
Cheonmabanhatang,心系內科學
Cheonmagudeungeum,心系內科學
Cheonmahwan,肝系內科學
Cheonmindodamtang,東醫方劑 處方解說
Cheonmintang,東醫方劑 處方解說
Cheonmundonghwan,肺系內科學
Cheonnyeonsan,腎系內科學
Cheonsagunjatang,肺系內科學
Cheonseosan,肺系內科學
Cheontaeoyaksan,方劑學
Cheonwangbosimdan,心系內科學
Cheonyeonggaesan,肺系內科學
Cheukbaeksan,肝系內科學
Chigangeum,脾系內科學
Chijabaekpitang,方劑學
Chijacheonggantang,心系內科學
Chijadaehwangtang,肝系內科學
Chijajugyeotang,脾系內科學
Chijatang,肺系內科學
Chijeokbaekhanbanbang,東醫方劑 處方解說
Chijungtang,東醫方劑 處方解說
Chilbomiyeomdan,方劑學
Chilgitang,心系內科學
Chilhyangwon,脾系內科學
Chiljeonyeongeungdan,肺系內科學
Chiljinsan,東醫方劑 處方解說
Chiljotang,肺系內科學
Chillisan,方劑學
Chilmibaekchulsan,方劑學
Chilmichangbaeksan,東醫方劑 處方解說
Chilmigamgiltang,東醫方劑 處方解說
Chilmulhubaktang,東醫方劑 處方解說
Chilseondan,腎系內科學
Chilseonhwan,脾系內科學
Chimhyangbaekbohwan,東醫方劑 處方解說
Chimhyangbyeolgapsan,東醫方劑 處方解說
Chimhyangganggisan,肝系內科學
Chimhyangganggitang,肺系內科學
Chimhyanggondamhwan,肺系內科學
Chimhyangmabisan,脾系內科學
Chimhyangonwihwan,脾系內科學
Chimjungdan,方劑學
Chimsahwan,東醫方劑 處方解說
Chimsugo,東醫方劑 處方解說
Chiseupjunghwatang,東醫方劑 處方解說
Chisimdudongbang,脾系內科學
Chiyuhwan,心系內科學
Choduguhwan,心系內科學
Chodusan,脾系內科學
Choeganhwan,心系內科學
Chogwapyeongwisan,東醫方劑 處方解說
Chongbaekchilmieum,方劑學
Chongbaekchilmieumgagam,肺系內科學
Chongsigilgyeongtang,方劑學
Chongsitang,方劑學
Chosihwan,脾系內科學
Chuchungchwijeoksan,肺系內科學
Chuchunghwan,肺系內科學
Chudosan,心系內科學
Chugisan,肝系內科學
Chugiyanghyeolhwan,東醫方劑 處方解說
Chukbigwachesan,肝系內科學
Chukcheonhwan,方劑學
Chuksasan,脾系內科學
Chulbutang,心系內科學
Chullyeongtang,脾系內科學
Chunghansan,東醫方劑 處方解說
Chunghwabogitang,東醫方劑 處方解說
Chunghwasungitang,東醫方劑 處方解說
Chunghwayangwitang,東醫方劑 處方解說
Chupunggeodamhwan,東醫方劑 處方解說
Chupungsan,東醫方劑 處方解說
Chwalpungsan,方劑學
Chwihyangboseol,脾系內科學
Chwiunsan,腎系內科學
Daeagyowon,東醫方劑 處方解說
Daeanhwan,方劑學
Daeanhwan Gami,肺系內科學
Daebangpungtang,東醫方劑 處方解說
Daebanhatang,脾系內科學
Daeboeumhwan,心系內科學
Daebowonjeon,心系內科學
Daebuncheongeum,肝系內科學
Daecheongnyongtang,方劑學
Daechilgitang,東醫方劑 處方解說
Daedanhahwan,脾系內科學
Daedugamchotang,腎系內科學
Daeganghwaltang,心系內科學
Daegeonjungtang,方劑學
Daegeumeumja,心系內科學
Daegimeumja,東醫方劑 處方解說
Daegudojego,東醫方劑 處方解說
Daegyeeumja,肝系內科學
Daehamhyunghwan,方劑學
Daehamhyungtang,心系內科學
Daehwallakdan,心系內科學
Daehwangbujatang,方劑學
Daehwanggamsutang,脾系內科學
Daehwanggyeonusan,脾系內科學
Daehwanghubaktang,脾系內科學
Daehwanghwangnyeonsasimtang,脾系內科學
Daehwangjachunghwan,心系內科學
Daehwangmokdanpitang,東醫方劑 處方解說
Daehwangmokdantang,方劑學
Daehwangtang,脾系內科學
Daeihyangsan,東醫方劑 處方解說
Daejeonggisan,東醫方劑 處方解說
Daejeongpungju,心系內科學
Daejingutang,東醫方劑 處方解說
Daejingyotang,方劑學
Daejohwan,東醫方劑 處方解說
Daejojungtang,肝系內科學
Daenajohwan,肺系內科學
Daenyeongsutang,東醫方劑 處方解說
Daeobohwan,腎系內科學
Daeogongsan,肝系內科學
Daeonjunghwan,東醫方劑 處方解說
Daeryeongsutang,肺系內科學
Daesanuhwan,東醫方劑 處方解說
Daeseunggitang,心系內科學
Daesihotang,方劑學
Daetosajahwan,肺系內科學
Daeyeongjeon,肝系內科學
Daeyeongyoeum,腎系內科學
Dalsaengsan,東醫方劑 處方解說
Damnyosasinhwan,方劑學
Damyeollaepyesimgyujungjangbu,心系內科學
Danbunhwan,腎系內科學
Danchisoyosan,心系內科學
Danggiawiwon,肺系內科學
Danggwibohyeoltang,心系內科學
Danggwieum,肺系內科學
Danggwieumja,東醫方劑 處方解說
Danggwiganghwaltang,東醫方劑 處方解說
Danggwigeonjungtang,方劑學
Danggwigo,東醫方劑 處方解說
Danggwihwahyeolsan,東醫方劑 處方解說
Danggwihwalhyeoltang,肝系內科學
Danggwijagyaksan,東醫方劑 處方解說
Danggwijagyaktang,東醫方劑 處方解說
Danggwijeomtongtang,肝系內科學
Danggwijihwangtang,心系內科學
Danggwisan,心系內科學
Danggwisayeokgaosuyusaenggangtang,方劑學
Danggwisayeoktang,心系內科學
Danggwiseunggitang,心系內科學
Danggwisusan,東醫方劑 處方解說
Danggwiyanghyeoltang,東醫方劑 處方解說
Danggwiyonghoehwan,方劑學
Danggwiyukhwangtang,方劑學
Danggwiyunjotang,東醫方劑 處方解說
Danhonghwan,脾系內科學
Danhongwon,東醫方劑 處方解說
Daninsamgo,肺系內科學
Daninsamtang,肺系內科學
Dansameum,方劑學
Dansameumja,肺系內科學
Danseokgohwan Gami,肺系內科學
Darwoneum,心系內科學
Dochetang,東醫方劑 處方解說
Dochetonggyeongtang,腎系內科學
Dodamhwalhyeoltang,心系內科學
Dodamtang,心系內科學
Dodamtanggagam,脾系內科學
Dogihwan,方劑學
Dogijejotang,腎系內科學
Dogijigakhwan,肺系內科學
Dogitang,方劑學
Dogyeonghwan,東醫方劑 處方解說
Dohaekseunggitang,方劑學
Dohongeum,脾系內科學
Dohongsamultang,心系內科學
Dohwatang,方劑學
Doinhonghwajeongagam,脾系內科學
Doinseunggitang,心系內科學
Dojeokjiyutang,脾系內科學
Dojeoksan,心系內科學
Dojeokseunggitang,腎系內科學
Dojeoktang,東醫方劑 處方解說
Dokhwalgisaengtang,心系內科學
Dokhwaljihwangtang,腎系內科學
Dokhwaltang,東醫方劑 處方解說
Doksamtang,心系內科學
Dongnoksan,腎系內科學
Donohwan,脾系內科學
Donosan,脾系內科學
Dossibojungikgitang,東醫方劑 處方解說
Dossichunghwatang,東醫方劑 處方解說
Dossidodamtang,東醫方劑 處方解說
Dossihwangnyongtang,東醫方劑 處方解說
Dossiinjintang,東醫方劑 處方解說
Dossipyeongwisan,東醫方劑 處方解說
Dosuhwan,肺系內科學
Dugugyulhongsan,脾系內科學
Duryeonghwan,肺系內科學
Eohantang,東醫方劑 處方解說
Eokcheonghwan,脾系內科學
Eokcheongmyeongmoktang,東醫方劑 處方解說
Eokdamhwan,肺系內科學
Eokgansan,脾系內科學
Eoksimcheongpyetang,肺系內科學
Eumheosaengnaeyeoltang,東醫方劑 處方解說
Eumyangssangbotang,肺系內科學
Eungmonginsamsan,肺系內科學
Eungsineumja,東醫方劑 處方解說
Eungsinsan,東醫方劑 處方解說
Eungyosan,心系內科學
Eungyosangagam,肺系內科學
Eunhwahaedoktang,方劑學
Gaegeumsan,脾系內科學
Gaegeumtang,脾系內科學
Gaegisodamtang,東醫方劑 處方解說
Gaegwansan,肝系內科學
Gaegyeoksangagam,脾系內科學
Gaegyeoldoinhwan,東醫方劑 處方解說
Gaegyeoljisilhwan,東醫方劑 處方解說
Gaegyeolseogyeongtang,東醫方劑 處方解說
Gaehoesan,東醫方劑 處方解說
Gaejeongjauryongtang,肺系內科學
Gaesimsan,東醫方劑 處方解說
Gaeuldogitang,東醫方劑 處方解說
Gaeulsamultang,東醫方劑 處方解說
Gagambaekchulsan,東醫方劑 處方解說
Gagambaekhotang,東醫方劑 處方解說
Gagambaektongtang,東醫方劑 處方解說
Gagambaepungtang,東醫方劑 處方解說
Gagamboeumhwan,東醫方劑 處方解說
Gagambohwahwan,脾系內科學
Gagambongmaektang,方劑學
Gagambongnyeonghwan,東醫方劑 處方解說
Gagambosimtang,東醫方劑 處方解說
Gagamcheongbitang,東醫方劑 處方解說
Gagamchongbaekhyangsitang,肺系內科學
Gagamdodamtang,東醫方劑 處方解說
Gagameungyobaekhotang,方劑學
Gagamgobonhwan,東醫方劑 處方解說
Gagamhogolsan,心系內科學
Gagamhyangnyeongsan,腎系內科學
Gagamijintang,東醫方劑 處方解說
Gagamijungtang,東醫方劑 處方解說
Gagamikgitang,東醫方劑 處方解說
Gagamjeonggisan,東醫方劑 處方解說
Gagamjinsimdan,東醫方劑 處方解說
Gagamjugyeongwon,東醫方劑 處方解說
Gagammahaenggamseoktang,方劑學
Gagammahwangtang,肺系內科學
Gagammokhyangsan,脾系內科學
Gagamnaegohwan,肝系內科學
Gagamondamtang,東醫方劑 處方解說
Gagampalmihwan,東醫方劑 處方解說
Gagampyeongwisan,脾系內科學
Gagamsabaeksan,肺系內科學
Gagamsaenggantang,肝系內科學
Gagamsagunjatang,脾系內科學
Gagamsamgitang,肺系內科學
Gagamsamultang,心系內科學
Gagamsamyotang,東醫方劑 處方解說
Gagamsingihwan,東醫方劑 處方解說
Gagamsiryeongtang,東醫方劑 處方解說
Gagamsosihotang,東醫方劑 處方解說
Gagamsoyosan,心系內科學
Gagamwiryeongtang,東醫方劑 處方解說
Gagamwiyutang,方劑學
Gagamyanggyeoksan,東醫方劑 處方解說
Gagamyunjotang,東醫方劑 處方解說
Gagamyuryeongtang,脾系內科學
Gagujahwan,腎系內科學
Gagujawon,東醫方劑 處方解說
Gajacheongeumtang,肺系內科學
Gajapisan,脾系內科學
Gajasan,心系內科學
Gakbyeongyeonsutang,東醫方劑 處方解說
Gaktongsan,心系內科學
Galchultang,肝系內科學
Galgeungeumnyeontang,脾系內科學
Galgeunhaegitang,東醫方劑 處方解說
Galgeunhwanggeumhwangnyeontang,方劑學
Galgeunjugyeotang,脾系內科學
Galgeunmaengmundongsan,東醫方劑 處方解說
Galgeuntang,心系內科學
Galhwahaejeongtang,心系內科學
Galhwahaeseongtang,東醫方劑 處方解說
Galhwanghwan,肝系內科學
Galhwasan,脾系內科學
Gambantang,肝系內科學
Gamchogeongangtang,肺系內科學
Gamchosasimtang,方劑學
Gamchotang,肝系內科學
Gamchotang(Seungmabyeolgaptang),肝系內科學
Gamdamhwan,肺系內科學
Gamdutang,肝系內科學
Gameungwon,脾系內科學
Gamgiltang,東醫方劑 處方解說
Gamibaekchulsan,東醫方劑 處方解說
Gamibaekhwago,肺系內科學
Gamiboeumhwan,東醫方劑 處方解說
Gamibongnyeongtang,東醫方劑 處方解說
Gamibulsusan,東醫方劑 處方解說
Gamichangbaeksan,東醫方劑 處方解說
Gamichangchulgo,東醫方劑 處方解說
Gamicheokdamtang,心系內科學
Gamicheongjubaegwonja,東醫方劑 處方解說
Gamicheongsimeum,東醫方劑 處方解說
Gamicheongsimtang,心系內科學
Gamidaebotang,心系內科學
Gamidanggwisusan,東醫方劑 處方解說
Gamidansameum,脾系內科學
Gamidogwatang,腎系內科學
Gamiganghwalsan,東醫方劑 處方解說
Gamigimhwahwan,東醫方劑 處方解說
Gamigwagukhwan,東醫方劑 處方解說
Gamigwibitang,東醫方劑 處方解說
Gamigyulpijugyeotang,脾系內科學
Gamihaeeotang,心系內科學
Gamihamhyungtang,東醫方劑 處方解說
Gamihyangnyeonhwan,脾系內科學
Gamihyangsosan,方劑學
Gamiigongsan,脾系內科學
Gamiijintang,東醫方劑 處方解說
Gamiijungtang,東醫方劑 處方解說
Gamiikgitang,東醫方劑 處方解說
Gamiimohwan,肺系內科學
Gamiimyohwan,心系內科學
Gamiinjinhotang,脾系內科學
Gamiinsamjawansan,東醫方劑 處方解說
Gamijeongjihwan,東醫方劑 處方解說
Gamijeonssibaekchulsan,東醫方劑 處方解說
Gamijeseuptang,東醫方劑 處方解說
Gamijichulhwan,心系內科學
Gamijihwangtang,腎系內科學
Gamijinhaetang,肺系內科學
Gamijipaesan,東醫方劑 處方解說
Gamiondamtang,心系內科學
Gamipaedoksan,東醫方劑 處方解說
Gamipaljintang,腎系內科學
Gamipalmultang,東醫方劑 處方解說
Gamipyeongwisan,東醫方劑 處方解說
Gamisabaeksan,肺系內科學
Gamisachiltang,心系內科學
Gamisaengmaeksan,心系內科學
Gamisagunjatang,肺系內科學
Gamisamamtang,腎系內科學
Gamisamjaetang,肺系內科學
Gamisamultang,東醫方劑 處方解說
Gamisamyotang,心系內科學
Gamisayuktang,肝系內科學
Gamisihotang,東醫方劑 處方解說
Gamisingihwan,東醫方劑 處方解說
Gamisipgisan,腎系內科學
Gamisipjeondaebotang,東醫方劑 處方解說
Gamisipjeontang,東醫方劑 處方解說
Gamisipyeongtang,東醫方劑 處方解說
Gamisogeonjungtang,東醫方劑 處方解說
Gamisopunghwalhyeoltang,肝系內科學
Gamisowidan,肺系內科學
Gamisoyosan,心系內科學
Gamitongsimeum,腎系內科學
Gamiyangjangtang,東醫方劑 處方解說
Gamiyangyeonghwan,東醫方劑 處方解說
Gamiyugilsan,東醫方劑 處方解說
Gamiyukgunjatang,東醫方劑 處方解說
Gamiyunhahwan,肺系內科學
Gammaekdaejotang,方劑學
Gamnigijehwan,心系內科學
Gamnihwan,腎系內科學
Gamnoeum,脾系內科學
Gamnosodogeum,心系內科學
Gamnosodokdan,方劑學
Gamsubanhatang,脾系內科學
Gamsutonggyeoltang,方劑學
Gangbutang,脾系內科學
Gangdatang,脾系內科學
Ganggitang,肺系內科學
Ganggyehwan,肺系內科學
Ganghwalbangpungtang,肝系內科學
Ganghwalbujatang,心系內科學
Ganghwalchangchultang,肺系內科學
Ganghwalseungseuptang,心系內科學
Ganghwalsokdantang,東醫方劑 處方解說
Ganghwaryupungtang,東醫方劑 處方解說
Gangmukhwan,脾系內科學
Gangnoosugeonyangdan,東醫方劑 處方解說
Gangsimdan,肝系內科學
Gangyeomtang,肺系內科學
Garyeohwan,肺系內科學
Garyeoneukhwan,肺系內科學
Geodamhwahwan,脾系內科學
Geodamhwan,肺系內科學
Geomnosan,肺系內科學
Geonbibohwawon,脾系內科學
Geonbihwadamtang,肺系內科學
Geonbihwan,方劑學
Geonbohwan,肝系內科學
Geonganginsambanhahwan,方劑學
Geonnitang,東醫方劑 處方解說
Geonnyeongtang,方劑學
Geonwibohwawon,東醫方劑 處方解說
Geonwicheongjangtang,肝系內科學
Geopungcheokdamtang,肺系內科學
Geopungcheongyangtang,肝系內科學
Geopungjeseuptang,東醫方劑 處方解說
Geopungjibodan,東醫方劑 處方解說
Geoseuphwalhyeoljitongtang,肝系內科學
Geowonjeon,東醫方劑 處方解說
Geowontang,方劑學
Geumbanhwan,肺系內科學
Geumbichosan,肺系內科學
Geumbichosan Gami,肺系內科學
Geumbuhwansan,肺系內科學
Geumgwedanggwisan,東醫方劑 處方解說
Geumgwesingihwan,心系內科學
Geumgwesingihwangagam,脾系內科學
Geumgwesingihwanhabyukgunjatanggagam,肺系內科學
Geumhwaseonbang,肺系內科學
Geumnyeonbanhatang,東醫方劑 處方解說
Geumnyeongjahwan,腎系內科學
Geumnyeongjasan,方劑學
Geumnyeonsodogeum,東醫方劑 處方解說
Geumsubowonjeon,肝系內科學
Geumsucheongeumtang,肺系內科學
Geumsuyukgunjeon,方劑學
Geumsuyukgunjeon Gami,肺系內科學
Geumswaegojeonghwan,方劑學
Geumyeongjasan,心系內科學
Gibutang,心系內科學
Gichimsan,東醫方劑 處方解說
Gichoryeokhwanghwan,方劑學
Gichoyeokhwanghwan,脾系內科學
Gigukjihwanghwan,心系內科學
Gigwibosintang,腎系內科學
Gihyosamultang,東醫方劑 處方解說
Gijecheongsinsan,東醫方劑 處方解說
Gijehwan,東醫方劑 處方解說
Gijetang,心系內科學
Gijintang,肺系內科學
Gilgyeongijintang,心系內科學
Gilgyeongjigaktang,心系內科學
Gilgyeongtang,東醫方劑 處方解說
Gilgyeongtang Gami,肺系內科學
Gilgyeongtang Hap Cheongeumwigyeongtang,肺系內科學
Gilgyeongtanghabeunhwahaedoktang,肺系內科學
Gilgyeongtanghabwigyeongtanggagam,肺系內科學
Gimnowon,東醫方劑 處方解說
Girihwan,脾系內科學
Gisanjeon,腎系內科學
Goamsimsinhwan,東醫方劑 處方解說
Gobongeonyangdan,東醫方劑 處方解說
Gobonhwanjeonghwan,東醫方劑 處方解說
Gobotang,方劑學
Gochimmuusan,東醫方劑 處方解說
Gochongchimhwan,脾系內科學
Gochungtang,方劑學
Goegagwon,肝系內科學
Goegakhwan,方劑學
Goehwasan,心系內科學
Goeumjeon,心系內科學
Gogyeonghwan,方劑學
Gojanghwan,脾系內科學
Gojangtang,脾系內科學
Gojeonghwan,腎系內科學
Gojindan,腎系內科學
Gojineumja,東醫方劑 處方解說
Gojintang,東醫方劑 處方解說
Gojunghwan,脾系內科學
Gokgunghwan,脾系內科學
Goksinwon,脾系內科學
Gondamhwan,方劑學
Gongjindan,肝系內科學
Gongnyeonghwan,東醫方劑 處方解說
Gongyeondan,心系內科學
Goryeongeunpibang,腎系內科學
Gosamhatang,脾系內科學
Goyeongsan,肝系內科學
Goyuyeonhwan,脾系內科學
Guboeum,東醫方劑 處方解說
Gubotang,肺系內科學
Gudeungeum,方劑學
Gugeoljichulhwan,東醫方劑 處方解說
Gugeuphuiyeonsan,方劑學
Gugogo,東醫方劑 處方解說
Gugotang,東醫方劑 處方解說
Guhaktang,東醫方劑 處方解說
Guhoetang,方劑學
Gujotang,方劑學
Gukbyeogwon,肝系內科學
Gukchulhwan,脾系內科學
Gukchurwon,脾系內科學
Gukhwadajosan,方劑學
Gukhwasan,腎系內科學
Gumaeksan,腎系內科學
Gumiansinhwan,腎系內科學
Gumiganghwaltang,心系內科學
Gumipyeongwihwan,東醫方劑 處方解說
Gumisuryeonhwan,脾系內科學
Gungchulhwadamjeon,東醫方劑 處方解說
Gungchulsan,脾系內科學
Gungchultang,心系內科學
Gunggungsan,東醫方劑 處方解說
Gunggwibojungtang,東醫方劑 處方解說
Gunggwibyeolgapsan,肺系內科學
Gunggwigyoaetang,脾系內科學
Gunghatang,心系內科學
Gungjihyangsosan,東醫方劑 處方解說
Gungjihyangyutang,心系內科學
Gungjisan,東醫方劑 處方解說
Gungmaekjichulhwan,方劑學
Gungoeingbang,方劑學
Gungsindodamtang,心系內科學
Gungsinsan,東醫方劑 處方解說
Gungsosan,東醫方劑 處方解說
Guryongdan,腎系內科學
Guseonsan,肺系內科學
Guseonwangdogo,脾系內科學
Guseonyeongeungsan,腎系內科學
Gusuhwan,肺系內科學
Gutongwon,心系內科學
Guwonsimsinhwan,東醫方劑 處方解說
Gwachesan,方劑學
Gwakbakharyeongtang,方劑學
Gwakhyanganwisan,東醫方劑 處方解說
Gwakhyangjeonggisan,心系內科學
Gwakhyangpyeongwisan,東醫方劑 處方解說
Gwallugyejitang,心系內科學
Gwalluhaebaekbanhatang,心系內科學
Gwallujisiltang,心系內科學
Gwandonghwasan,東醫方劑 處方解說
Gwandonghwasan Gami,肺系內科學
Gwaneumsan,東醫方劑 處方解說
Gwangchulgwegyeontang,肝系內科學
Gwangyebujaijungtang,心系內科學
Gwanjungjinsikhwan,東醫方劑 處方解說
Gwansimsohaphwan,方劑學
Gwansimⅱhobang,方劑學
Gwarucheongdaehwan,肺系內科學
Gwaruhaebaekbaekjutang,心系內科學
Gwaruhaebaekbanhatang,方劑學
Gwaruhaengyeonhwan,肺系內科學
Gwaruhwan,肺系內科學
Gwarujigaktang,肝系內科學
Gwarujisiltang,肝系內科學
Gwarusilhwan,東醫方劑 處方解說
Gwaryeonhwan,肺系內科學
Gwegyeontang,東醫方劑 處方解說
Gwibiondamtang,東醫方劑 處方解說
Gwibitang,心系內科學
Gwibitanggagam,脾系內科學
Gwichulpajingtang,東醫方劑 處方解說
Gwihyeongtang,心系內科學
Gwijakjihwangwon,肝系內科學
Gwirogiseongo,肝系內科學
Gwiwonsan,東醫方劑 處方解說
Gwiyongtang,肝系內科學
Gwiyongwon,肝系內科學
Gyebigakbantang,東醫方劑 處方解說
Gyebiwon,東醫方劑 處方解說
Gyebudosabojeonghwan,腎系內科學
Gyebujihwangbaekgwatang,腎系內科學
Gyebutang,東醫方劑 處方解說
Gyegyeoksan,脾系內科學
Gyegyeoksangagam,脾系內科學
Gyehyanghwan,脾系內科學
Gyehyangsan,脾系內科學
Gyejibongnyeonghwan,心系內科學
Gyejibujatang,東醫方劑 處方解說
Gyejigachulbutang,東醫方劑 處方解說
Gyejigadaehwangtang,脾系內科學
Gyejigahubakhaengjatang,心系內科學
Gyejigahwanggitang,肝系內科學
Gyejigajagyakdaehwangtang,脾系內科學
Gyejigajagyaktang,脾系內科學
Gyejigamchotang,心系內科學
Gyejiganghwaltang,肺系內科學
Gyejigayonggolmoryeotang,心系內科學
Gyejigeojakgamasinbutang,腎系內科學
Gyejihonghwatang,東醫方劑 處方解說
Gyejihwanggeumtang,東醫方劑 處方解說
Gyejiinsamtang,心系內科學
Gyejijagyakjimotang,心系內科學
Gyejijagyaktang,肺系內科學
Gyejimahwangtang,脾系內科學
Gyejiryonggolmoryeotang,東醫方劑 處方解說
Gyejisachiltang,心系內科學
Gyejisaenggangjisiltang,脾系內科學
Gyejiseokgotang,肺系內科學
Gyejitang,心系內科學
Gyejitang Gami,肺系內科學
Gyejiyonggolmoryeotang,腎系內科學
Gyemagakbantang,東醫方劑 處方解說
Gyemyeongsan,方劑學
Gyeohwan,肺系內科學
Gyeokhachugeotang,心系內科學
Gyeokhachugeotanggagam,脾系內科學
Gyeoldogyeongyaksan,腎系內科學
Gyeolmyeongwon,東醫方劑 處方解說
Gyeolsutang,脾系內科學
Gyeonbitang,心系內科學
Gyeoneumjisilhwan,肺系內科學
Gyeongheomibangeum,東醫方劑 處方解說
Gyeongokgo,心系內科學
Gyeonjeongsan,方劑學
Gyeontongdodamtang,肝系內科學
Gyeoreumdan,脾系內科學
Gyeryeongbaekchulsan,東醫方劑 處方解說
Gyeryeonggamnoeum,方劑學
Gyeryeonggamnosan,東醫方劑 處方解說
Gyeryeongomigamchotang,肺系內科學
Gyeseolhyangsan,東醫方劑 處方解說
Gyesiryesan,脾系內科學
Gyesosan,方劑學
Gyoaesamultang,東醫方劑 處方解說
Gyoaetang,方劑學
Gyogamdan,肺系內科學
Gyohatang,方劑學
Gyotaehwan,脾系內科學
Gyuhwasan,東醫方劑 處方解說
Gyulbanjichulhwan,方劑學
Gyulgamsan,肺系內科學
Gyulganghwan,肺系內科學
Gyulhaekhwan,方劑學
Gyuljisaenggangtang,脾系內科學
Gyullyeonjichulhwan,東醫方劑 處方解說
Gyulpibanhasaenggangtang,肺系內科學
Gyulpibanhatang,肺系內科學
Gyulpigeongangtang,肺系內科學
Gyulpijeonwon,東醫方劑 處方解說
Gyulpijichulhwan,心系內科學
Gyulpijugyeotang,方劑學
Gyulsosan,肺系內科學
Gyungihwan,脾系內科學
Hacheongo,肺系內科學
Hachulbosimtang,肝系內科學
Hachulgeonbitang,肝系內科學
Hachungsan,肺系內科學
Haecheonghwan,肺系內科學
Haedokdan,肝系內科學
Haedokhwan,肝系內科學
Haedokjeonggitang,肝系內科學
Haedokjesaengtanggagam,脾系內科學
Haedoksamultang,東醫方劑 處方解說
Haedoktang,東醫方劑 處方解說
Haeeohwan,東醫方劑 處方解說
Haeganjeon,脾系內科學
Haegeumsasan,腎系內科學
Haegitang,肺系內科學
Haehapsan,心系內科學
Haehyeolbang,方劑學
Haejookhotang,方劑學
Haejosangyeonhwan,腎系內科學
Haejuhwadoksan,東醫方劑 處方解說
Haenggihyangsosan,心系內科學
Haenggunsan,方劑學
Haenggyoeum,肺系內科學
Haenginbanhatang,東醫方劑 處方解說
Haenginjeon,肺系內科學
Haenginnabokjahwan,肺系內科學
Haengjatang Gami,肺系內科學
Haengsamsan,肺系內科學
Haengsoeum,東醫方劑 處方解說
Haengsosan,方劑學
Haengsotang,東醫方劑 處方解說
Haeohyeoltang,方劑學
Haepyoijintang,肺系內科學
Haeulhwajungtang,心系內科學
Haeuljowitang,脾系內科學
Haeultang,心系內科學
Hagitang,肺系內科學
Hagochosan,腎系內科學
Hakjeongdan,肺系內科學
Hannasan,腎系內科學
Hansuseoksan,東醫方劑 處方解說
Hapgaehwan,肺系內科學
Heugyangdan,肺系內科學
Heukjihwanghwan,肝系內科學
Heukseokdan,心系內科學
Heuksoyosan,方劑學
Heungnodan,肺系內科學
Hobakgo,肝系內科學
Hobakjeongjihwan,東醫方劑 處方解說
Hobakjogyeonghwan,東醫方劑 處方解說
Hoechuntalgamsan,腎系內科學
Hoechunyanggyeoksan,東醫方劑 處方解說
Hoehyangansintang,東醫方劑 處方解說
Hoehyangyeonsilhwan,腎系內科學
Hoesaengsan,東醫方劑 處方解說
Hoesusan,東醫方劑 處方解說
Hoeyangbosintang,肝系內科學
Hoeyanggugeuptang,方劑學
Hogeumcheongdamtang,方劑學
Hojamhwan,方劑學
Hongseoltongjungsan,東醫方劑 處方解說
Horopawon,腎系內科學
Hubagonjungtang,心系內科學
Hubakchilmultang,方劑學
Hubakgyulpijeon,脾系內科學
Hubakjisiltang,東醫方劑 處方解說
Hubaksaenggangbanhagamchoinsamtang,脾系內科學
Hubaktang,東醫方劑 處方解說
Hugamnihwan,東醫方劑 處方解說
Huiyeonsan,肝系內科學
Hwabantang,方劑學
Hwachunghwan,方劑學
Hwadamcheonghwatang,東醫方劑 處方解說
Hwadamhwan,肺系內科學
Hwadamtongbutang,心系內科學
Hwadamtongnaktang,心系內科學
Hwaeojeon,東醫方劑 處方解說
Hwaeotang,脾系內科學
Hwagaesan,方劑學
Hwagijogyeongtang,腎系內科學
Hwagitang,脾系內科學
Hwagoehwan,肝系內科學
Hwahyeorikgitang,東醫方劑 處方解說
Hwahyeoryunjangtang,東醫方劑 處方解說
Hwajechudosan,脾系內科學
Hwajeokhwan,脾系內科學
Hwajunggilgyeongtang,東醫方劑 處方解說
Hwajungsan,東醫方劑 處方解說
Hwalgwihwan,脾系內科學
Hwalhyeolgupungtang(San),腎系內科學
Hwalhyeolsaneotang,腎系內科學
Hwalhyeoryunjosaengjineum,肺系內科學
Hwallakdan,心系內科學
Hwallakhyoryeongdan,方劑學
Hwalmyeonggimdan,東醫方劑 處方解說
Hwalseokgosamtang,腎系內科學
Hwalseoksan,腎系內科學
Hwalsinhwan,東醫方劑 處方解說
Hwangbaeksan,東醫方劑 處方解說
Hwanggaphwan,腎系內科學
Hwanggeumcheongpyeeum,腎系內科學
Hwanggeumhwalseoktang,方劑學
Hwanggeumigyeokhwan,肺系內科學
Hwanggeumjagyaktang,東醫方劑 處方解說
Hwanggeumtang,方劑學
Hwanggeumtang Ga Banha Saenggang,肺系內科學
Hwanggibangpungtang,肝系內科學
Hwanggibojungtang,腎系內科學
Hwanggibyeolgapsan,方劑學
Hwanggigeonjungtang,方劑學
Hwanggigeonjungtanggagam,脾系內科學
Hwanggigyejiomultang,心系內科學
Hwanggiikgitang,東醫方劑 處方解說
Hwanggiiksontang,東醫方劑 處方解說
Hwanggiinsamtang,東醫方劑 處方解說
Hwanggijagyakgyejigojutang,肺系內科學
Hwanggisipbotang,東醫方劑 處方解說
Hwanggitang,東醫方劑 處方解說
Hwanggiyugiltang,腎系內科學
Hwanggwaruhwan,肺系內科學
Hwangnyeonagyotang,心系內科學
Hwangnyeonagyowon,脾系內科學
Hwangnyeonbojangtang,脾系內科學
Hwangnyeoncheonghwahwan,脾系內科學
Hwangnyeoncheongsimeum,腎系內科學
Hwangnyeonhaedoktang,方劑學
Hwangnyeonhwadamhwan,肺系內科學
Hwangnyeonhyangyeosan,脾系內科學
Hwangnyeonhyangyueum,脾系內科學
Hwangnyeonhyangyusan,脾系內科學
Hwangnyeonjeoduhwan,腎系內科學
Hwangnyeonjihwangtang,東醫方劑 處方解說
Hwangnyeonjugyeotang,脾系內科學
Hwangnyeonmokhyangtang,東醫方劑 處方解說
Hwangnyeonondamtang,心系內科學
Hwangnyeonsan,肝系內科學
Hwangnyeonsobihwan,心系內科學
Hwangnyeontang,方劑學
Hwangnyeontongseongsan,東醫方劑 處方解說
Hwangnyongtang,方劑學
Hwangtotang,方劑學
Hwanjeonghwan,東醫方劑 處方解說
Hwansodan,東醫方劑 處方解說
Hwanwondan,脾系內科學
Hwarinchongsitang,方劑學
Hwaryongsan,肺系內科學
Hwatogijetang,腎系內科學
Hwatongtang,東醫方劑 處方解說
Hwaultang,心系內科學
Hwawiijintang,東醫方劑 處方解說
Hyangbageumja,東醫方劑 處方解說
Hyangbugwarucheongdaehwan,肺系內科學
Hyangbuhwan,肺系內科學
Hyanggakhwan,脾系內科學
Hyanggaltang,東醫方劑 處方解說
Hyanggangsan,脾系內科學
Hyangnyeonhwan,方劑學
Hyangsajichulhwan,方劑學
Hyangsaonbitang,肝系內科學
Hyangsapyeongwisan,方劑學
Hyangsayangwitang,心系內科學
Hyangsayukgunjatang,方劑學
Hyangsayukgunjatanggami,脾系內科學
Hyangseongpajeokhwan,肺系內科學
Hyangsochongsitang,方劑學
Hyangsojeonggitang,肝系內科學
Hyangsoonpyetang,肺系內科學
Hyangsosan,心系內科學
Hyangsosangagam,肺系內科學
Hyangyonghwan,脾系內科學
Hyangyueum,肺系內科學
Hyangyusan,方劑學
Hyeolbuchugeotang,心系內科學
Hyeolpungtang,東醫方劑 處方解說
Hyeongbangjihwangtang,腎系內科學
Hyeongbangpaedoksan,方劑學
Hyeonggaetang,東醫方劑 處方解說
Hyeonggaeyeongyotang,東醫方劑 處方解說
Hyeongsotang,肺系內科學
Hyeonhosaekhwan,脾系內科學
Hyeonhosaeksan,心系內科學
Hyeonsampaemotang,東醫方劑 處方解說
Hyeonsangseorigo,肺系內科學
Hyeontogobonhwan,東醫方劑 處方解說
Hyuhageum,脾系內科學
Hyukbitongcheonsan,肝系內科學
Ibieumjeongbang,脾系內科學
Ibitang,肺系內科學
Ichochangbaeksan,東醫方劑 處方解說
Ieumjeon,肝系內科學
Iganghwan,心系內科學
Igangwon,肺系內科學
Igeumsingihwan,東醫方劑 處方解說
Igigeopungsan,東醫方劑 處方解說
Igongsan,方劑學
Igongsan Gami,肺系內科學
Igwiseungyangtang,心系內科學
Igwitang,心系內科學
Igwitang Hap Ilgwanjeongami,脾系內科學
Igwitanggami,脾系內科學
Igwonsan,心系內科學
Igyeoktang,東醫方劑 處方解說
Ihwanghwan,脾系內科學
Ihwangtang,方劑學
Ihyanghwangnyeonsan,東醫方劑 處方解說
Ihyangsan,心系內科學
Ihyeonsan,肺系內科學
Ijacheongdoksan,腎系內科學
Ijaiseoktang,肺系內科學
Ijihwan,方劑學
Ijingunggwitang,肺系內科學
Ijintang,心系內科學
Ijintang Gami,肺系內科學
Ijintang Gami Bakha Hyeonggae,肺系內科學
Ijintanggami,脾系內科學
Ijunganhoetang,方劑學
Ijunghwadamhwan,方劑學
Ijunghwaldamtang,東醫方劑 處方解說
Ijunghwan,方劑學
Ijungtang,心系內科學
Ijungtanggagam,脾系內科學
Ikbihwan,脾系內科學
Ikbitang,脾系內科學
Ikgibohyeoltang,肝系內科學
Ikgibosintang,肝系內科學
Ikgichongmyeongtang,方劑學
Ikgidodamtang,心系內科學
Ikgihwalhyeoltang,心系內科學
Ikgihwan,東醫方劑 處方解說
Ikgijisutang,肺系內科學
Ikgiyangyeongtang,腎系內科學
Ikhwangsan,腎系內科學
Ikjihwajungtang,東醫方劑 處方解說
Iksingyeonbihwan,心系內科學
Iksugojindan,東醫方劑 處方解說
Ilboksan,肺系內科學
Ilgwanjeon,方劑學
Ilgwanjeonhabyungmijihwanghwan,肺系內科學
Illipgeumdan,肺系內科學
Ilmibaekbuogo,肺系內科學
Imonyeongsutang,東醫方劑 處方解說
Imosan,肺系內科學
Imyohwan,東醫方劑 處方解說
Imyosan,方劑學
Inchisigeumtang,脾系內科學
Injinbujageongangtang,東醫方劑 處方解說
Injincheonggantang,肝系內科學
Injinchijatang,肝系內科學
Injinchulbutang,腎系內科學
Injinhotang,方劑學
Injinhwan,肺系內科學
Injinoryeongsan,方劑學
Injinsayeoktang,方劑學
Injunghwanghwan,肺系內科學
Insambaekhaptang,東醫方劑 處方解說
Insambaekhotang,心系內科學
Insambanhahwan,肺系內科學
Insambongnyeongsan,東醫方劑 處方解說
Insamcheonggisan,心系內科學
Insamcheonggyeoksan,東醫方劑 處方解說
Insamcheongjinhwan,東醫方劑 處方解說
Insamcheongpyeeum,肺系內科學
Insamcheongpyesan,東醫方劑 處方解說
Insamcheongpyetang,肺系內科學
Insameum,東醫方劑 處方解說
Insameumja,東醫方劑 處方解說
Insamgaewitang,東醫方劑 處方解說
Insamganghwalsan,東醫方劑 處方解說
Insamgeonbihwan,脾系內科學
Insamgobonhwan,肝系內科學
Insamgunggwitang,肺系內科學
Insamgupyesan,肝系內科學
Insamgwanhwago,肺系內科學
Insamgwanhwasan,肺系內科學
Insamhapgaesan,方劑學
Insamhodotang,方劑學
Insamhwanggisan,心系內科學
Insamhwanggitang,東醫方劑 處方解說
Insamhyeonggaesan,東醫方劑 處方解說
Insamigyeokhwan,脾系內科學
Insamikgitang,肝系內科學
Insamipyetang,肺系內科學
Insamjawantang,肺系內科學
Insamjeolhageum,東醫方劑 處方解說
Insamjeongcheontang,肺系內科學
Insamjeonhotang,心系內科學
Insamjungnyeogeum,東醫方劑 處方解說
Insamnojeontang,肺系內科學
Insamomijasan,東醫方劑 處方解說
Insampaedoksan,東醫方劑 處方解說
Insampyeongbotang,東醫方劑 處方解說
Insampyeongpyesan,肺系內科學
Insamsan,東醫方劑 處方解說
Insamsapyetang,東醫方劑 處方解說
Insamseokgotang,東醫方劑 處方解說
Insamsungisan,東醫方劑 處方解說
Insamtang,肺系內科學
Insamyangpyetang,肺系內科學
Insamyangwitang,東醫方劑 處方解說
Insamyangyeonghwan,肝系內科學
Insamyangyeongtang,心系內科學
Insamyunpyehwan,肺系內科學
Insamyunpyesan,東醫方劑 處方解說
Insamyunpyetang,東醫方劑 處方解說
Insuksan,腎系內科學
Iphyosan,心系內科學
Ipjeongsan,肺系內科學
Irongjwajahwan,方劑學
Isamdan,東醫方劑 處方解說
Iseonhwan,腎系內科學
Iseonsan,東醫方劑 處方解說
Isingeonbitang,肝系內科學
Isingyojedan,肝系內科學
Isinhwan,方劑學
Iyeoltang,東醫方劑 處方解說
Jabieum,脾系內科學
Jabiwon,脾系內科學
Jaboyangyeonghwan,東醫方劑 處方解說
Jachogo,東醫方劑 處方解說
Jaejosan,方劑學
Jaeumbaekbohwan,東醫方劑 處方解說
Jaeumcheonghwago,肺系內科學
Jaeumcheonghwahwan,肺系內科學
Jaeumdaebohwan,東醫方劑 處方解說
Jaeumganghwatang,心系內科學
Jaeumgeonbitang,心系內科學
Jaeumjibotang,東醫方劑 處方解說
Jaeumjihwanghwan,東醫方劑 處方解說
Jaeumjihwangtang,東醫方劑 處方解說
Jaeumyangyeongtang,東醫方劑 處方解說
Jaeumyeongsintang,東醫方劑 處方解說
Jagamchotang,心系內科學
Jageumdan,肺系內科學
Jageumjeong,方劑學
Jageumjeongja,肺系內科學
Jagimhwan,東醫方劑 處方解說
Jagyakgamchotang,東醫方劑 處方解說
Jagyakhwangnyeontang,肝系內科學
Jagyakjinpitang,脾系內科學
Jagyaktang,方劑學
Jahageohwan,東醫方劑 處方解說
Jahwanghwan,心系內科學
Jahyeolbaekbohwan,東醫方劑 處方解說
Jahyeoltang,東醫方劑 處方解說
Jahyeoryanggeuntang,東醫方劑 處方解說
Jajoyangyeongtang,肺系內科學
Jajuhwan,方劑學
Jamsitang,方劑學
Jangcheonsachohwandan,腎系內科學
Jangdaldan,肺系內科學
Jangjeonghwan,肝系內科學
Jangsusan,東醫方劑 處方解說
Jangwonhwan,東醫方劑 處方解說
Jangwontang,東醫方劑 處方解說
Jasaengcheongyangtang,心系內科學
Jasaenghwan,肺系內科學
Jasaengtang,方劑學
Jaseoldan,心系內科學
Jasinbaekbohwan,東醫方劑 處方解說
Jasinbowontang,東醫方劑 處方解說
Jasinhwan,心系內科學
Jasinmyeongmoktang,東醫方劑 處方解說
Jasobanhatang,肺系內科學
Jasoeumja,東醫方劑 處方解說
Jasucheongganeum,脾系內科學
Jasuhaeeotang,肺系內科學
Jawantang,肝系內科學
Jawanyongtang,肺系內科學
Jayeongsan,腎系內科學
Jayuntang,東醫方劑 處方解說
Jecheonjeon,方劑學
Jeeumhwan,東醫方劑 處方解說
Jegobomyeongdan,脾系內科學
Jehangsan,脾系內科學
Jeobaekpisan,脾系內科學
Jeodangtang,方劑學
Jeogeunbaekpihwan,東醫方劑 處方解說
Jeogyusan,肺系內科學
Jeojanghwan,脾系內科學
Jeokbongnyeongtang,心系內科學
Jeokdamhwan,肺系內科學
Jeokseokjihwan,脾系內科學
Jeokseokjisan,脾系內科學
Jeokseokjiuyeoryangtang,方劑學
Jeoksodudanggwisan,心系內科學
Jeoljehwadamhwan,肺系內科學
Jeolpunghwan,東醫方劑 處方解說
Jeonchosan,東醫方劑 處方解說
Jeongalsan,肝系內科學
Jeongbuijungtang,脾系內科學
Jeongcheonhwadamganggitang,心系內科學
Jeongcheonhwadamtang,東醫方劑 處方解說
Jeongcheonjisutang,肺系內科學
Jeongcheontang,方劑學
Jeongganhwan,方劑學
Jeonggiboheotang,東醫方劑 處方解說
Jeonggibowontang,肝系內科學
Jeonggicheonhyangtang,心系內科學
Jeonggitang,肺系內科學
Jeongguijungtang,脾系內科學
Jeonghyanganwitang,東醫方劑 處方解說
Jeonghyangbijeokhwan,心系內科學
Jeonghyanggyoaetang,東醫方劑 處方解說
Jeonghyangjasan,脾系內科學
Jeonghyangnanbanhwan,脾系內科學
Jeonghyangsan,肺系內科學
Jeonghyangsichesan,肺系內科學
Jeonghyangsichetang,方劑學
Jeonghyangtugyeoksan,脾系內科學
Jeonghyangtugyeoktang,東醫方劑 處方解說
Jeonghyangyeonsilhwan,腎系內科學
Jeongjeongamiijintang,心系內科學
Jeongjihwan,方劑學
Jeongjijinjubunhwan,腎系內科學
Jeongjosan,肺系內科學
Jeongmyeongsan,肺系內科學
Jeongnyeokdaejosapyetang,方劑學
Jeongnyeokhwan,脾系內科學
Jeongnyeoksan,肺系內科學
Jeongnyeoksapyetang,肝系內科學
Jeongpungbyeongja,肝系內科學
Jeongpyetang,肺系內科學
Jeongwoneum,肺系內科學
Jeonhobanhatang,東醫方劑 處方解說
Jeonnokhwan,肝系內科學
Jeonsaenghwalhyeoltang,東醫方劑 處方解說
Jeonseolgo,東醫方劑 處方解說
Jeonssiansinhwan,腎系內科學
Jeonssibaekchulsan,腎系內科學
Jeonssiigongsan,東醫方劑 處方解說
Jeonssiseonpungsan,脾系內科學
Jeopotang,腎系內科學
Jeoryeonghwan,腎系內科學
Jeoryeongsan,脾系內科學
Jeoryeongtang,方劑學
Jesaenggyulpijugyeotang,方劑學
Jesaengseokgotang,東醫方劑 處方解說
Jesaengsingihwan,心系內科學
Jeseubwiryeongtang,肺系內科學
Jeseupgeonbitang,東醫方劑 處方解說
Jeseuptang,東醫方劑 處方解說
Jeseyugilsan,東醫方劑 處方解說
Jeungaekseunggitang,心系內科學
Jeungaektang,心系內科學
Jeungaektanghabyunjanghwan,肺系內科學
Jeungikgwiyongwon,東醫方劑 處方解說
Jeungmidojeoksan,東醫方劑 處方解說
Jeungmiijintang,東醫方劑 處方解說
Jeungmisamultang,東醫方劑 處方解說
Jeungsonbaekchulsan,東醫方劑 處方解說
Jeungsonnangnyeongtang,東醫方劑 處方解說
Jeungsonyeoseongtang,東醫方劑 處方解說
Jibaekjihwanghwan,心系內科學
Jibaekjihwanghwangagam,脾系內科學
Jibaekjihwangtang,心系內科學
Jibaeksamultang,東醫方劑 處方解說
Jibodan,心系內科學
Jibujatang,腎系內科學
Jicheonwon,肺系內科學
Jichulhwan,心系內科學
Jichultang,心系內科學
Jigakjasan,肺系內科學
Jigakjwasan,脾系內科學
Jigaksan,脾系內科學
Jigaltang,脾系內科學
Jigolpisan,心系內科學
Jigungsan,肝系內科學
Jigyeongsan,方劑學
Jigyultang,肺系內科學
Jihwangeumja,方劑學
Jihwanghwan,腎系內科學
Jihwanghwanhapsaengmaeksan,肺系內科學
Jihwangsan,東醫方劑 處方解說
Jihyeongsaenggantang,肝系內科學
Jijihwan,腎系內科學
Jimobongnyeongtang,東醫方劑 處方解說
Jimotang,肺系內科學
Jingansikpungtang,心系內科學
Jingcheongeum,肺系內科學
Jingubaekchulhwan,東醫方劑 處方解說
Jingubyeolgapsan,東醫方劑 處方解說
Jinguchangchultang,東醫方劑 處方解說
Jingudanggwitang,東醫方劑 處方解說
Jingueumja,東醫方劑 處方解說
Jinguseungmatang,東醫方劑 處方解說
Jingyobyeolgapsan,方劑學
Jingyoeumja,肝系內科學
Jininhwacheoltang,肝系內科學
Jininyangjangtang,方劑學
Jininyangjangtanggagam,脾系內科學
Jinjubunhwan,腎系內科學
Jinjumohwan,方劑學
Jinmutang,心系內科學
Jinpibanhasaenggangtang,脾系內科學
Jinpigeongangtang,脾系內科學
Jinpijichulhwan,脾系內科學
Jinpijugyeotang,脾系內科學
Jinpitang,肺系內科學
Jinsahwadamhwan,肺系內科學
Jinsaigwonsan,東醫方劑 處方解說
Jinsamyohyangsan,肝系內科學
Jinsaoryeongsan,心系內科學
Jinsayeongjihwan,東醫方劑 處方解說
Jinsayugilsan,肺系內科學
Jinyeokbaekhotang,方劑學
Jipaesan,東醫方劑 處方解說
Jiryongeum,肺系內科學
Jiseongbomyeongdan,東醫方劑 處方解說
Jisildochehwan,方劑學
Jisilhaebaekgyejitang,方劑學
Jisiljagyaksan,方劑學
Jisilsan,肝系內科學
Jisilsobihwan,心系內科學
Jisiltang,脾系內科學
Jisirijunghwan,肺系內科學
Jisirijungwon,心系內科學
Jisusan,方劑學
Jiyusan,心系內科學
Jodoeum,脾系內科學
Jogaksan,肝系內科學
Jogangtang,東醫方劑 處方解說
Jogyeongjongoktang,東醫方劑 處方解說
Jogyeongtang,東醫方劑 處方解說
Jojindan,脾系內科學
Jojunggeonbihwan,脾系內科學
Jojungigitang,脾系內科學
Jojungikgitang,東醫方劑 處方解說
Jojungtang,東醫方劑 處方解說
Jonsaengyunmahwan,脾系內科學
Joseuptang,東醫方劑 處方解說
Jowigo,東醫方劑 處方解說
Jowiseungcheongtang,腎系內科學
Jowiseunggitang,心系內科學
Jowonsan,東醫方劑 處方解說
Joyukpyeongwisan,東醫方劑 處方解說
Juchagu,肝系內科學
Jugeohwan,方劑學
Jugwieum,東醫方劑 處方解說
Jugyeobyubangtang,方劑學
Jugyeonghwan,方劑學
Jugyeongwon,東醫方劑 處方解說
Jugyeopseokgotang,心系內科學
Jugyeopseokgotang Gami,肺系內科學
Jugyeopseokgotanggagam,脾系內科學
Jugyeotang,脾系內科學
Jujamogwajuk,肝系內科學
Jujeunghwangnyeonhwan,心系內科學
Jukpisoyosan,東醫方劑 處方解說
Jungchojeonggitang,肝系內科學
Junghwarieumtang,脾系內科學
Junghwatang,方劑學
Jungmanbunsohwan,東醫方劑 處方解說
Jungmanbunsotang,脾系內科學
Jungnyeokdaldamhwan,東醫方劑 處方解說
Jungnyeokjichulhwan,肺系內科學
Jusaansinhwan,心系內科學
Jwabihwan,脾系內科學
Jwageumhwan,方劑學
Jwagwieum,心系內科學
Jwagwihwan,心系內科學
Maduryeonghwan,肺系內科學
Maekcheontang,脾系內科學
Maekgukbohwahwan,東醫方劑 處方解說
Maengmijihwanghwan,方劑學
Maengmundongcheongpyeeum,心系內科學
Maengmundongeumja,東醫方劑 處方解說
Maengmundongtang,方劑學
Maengmundongtanggagam,脾系內科學
Mahaenggamseoktang,心系內科學
Mahaenggamseoktanghabwigyeongtang,肺系內科學
Mahaenguigamtang,東醫方劑 處方解說
Mahwangbaekchultang,東醫方劑 處方解說
Mahwangbujagamchotang,方劑學
Mahwangbujasesintang,方劑學
Mahwangbujatang,腎系內科學
Mahwangchangchultang,肺系內科學
Mahwanggachultang,方劑學
Mahwanggamseoktang,肺系內科學
Mahwangganghwaltang,肺系內科學
Mahwanggwarutang,肺系內科學
Mahwanggyejitang,心系內科學
Mahwanghaengineum,東醫方劑 處方解說
Mahwanghaenginuiigamchotang,方劑學
Mahwangjeongcheontang,肺系內科學
Mahwangjwagyeongtang,東醫方劑 處方解說
Mahwangongyeongtang,方劑學
Mahwangsan,東醫方劑 處方解說
Mahwangseungmatang,肝系內科學
Mahwangtang,心系內科學
Mahwangyeongyojeoksodutang,心系內科學
Majainhwan,方劑學
Majainhwangagam,脾系內科學
Majeogwon,脾系內科學
Manbaebuchwidan,脾系內科學
Manbyeonghaedokdan,肝系內科學
Manbyeongijintang,東醫方劑 處方解說
Manbyeongmuusan,東醫方劑 處方解說
Manbyeongoryeongsan,東醫方劑 處方解說
Manbyeongsaryeongsan,脾系內科學
Maneokhwan,脾系內科學
Maneungdan,肺系內科學
Mangeumtang,東醫方劑 處方解說
Manhyeongjasan,東醫方劑 處方解說
Manjeonhwan,脾系內科學
Mannyeongsan,脾系內科學
Marinhwahwan,腎系內科學
Miltaseungsan,肺系內科學
Mogwatang,脾系內科學
Mogyuhoesaengsan,東醫方劑 處方解說
Mogyusan,脾系內科學
Mokbanggitang,肝系內科學
Mokdanpitang,東醫方劑 處方解說
Mokdansan,脾系內科學
Mokhyangbinnanghwan,方劑學
Mokhyanggeumnyeonghwan,腎系內科學
Mokhyanggyeonhyeonhwan,脾系內科學
Mokhyanggyungisan,肝系內科學
Mokhyanghwachetang,脾系內科學
Mokhyanghwajunghwan,肺系內科學
Mokhyangjichulhwan,東醫方劑 處方解說
Mokhyangjigakhwan,東醫方劑 處方解說
Mokhyangjogisan,心系內科學
Mokhyangnyugieum,東醫方劑 處方解說
Mokhyangpagisan,肺系內科學
Mokhyangsamneungsan,肺系內科學
Mokhyangsan,東醫方劑 處方解說
Mokhyangsochangwon,肝系內科學
Mokhyangsungisan,肺系內科學
Mokhyangsungitang,東醫方劑 處方解說
Mokhyangtang,腎系內科學
Mongsucheonwangbosimdan,肺系內科學
Moryeosan,方劑學
Mubisanyagwon,東醫方劑 處方解說
Mugeukhwan,脾系內科學
Mugihwan,方劑學
Mugisan,脾系內科學
Mundongcheongpyeeum,肝系內科學
Mundongeumja,東醫方劑 處方解說
Munhapsan,肝系內科學
Myeongmokjangsuhwan,東醫方劑 處方解說
Myeongmokjihwanghwan,東醫方劑 處方解說
Myoeungdan,肝系內科學
Myoeunghwan,心系內科學
Naebohwanggitang,方劑學
Naengbutang,肺系內科學
Naenghyohwan,方劑學
Naesookseoltang,東醫方劑 處方解說
Naesosan,心系內科學
Naetakcheongimsan,東醫方劑 處方解說
Naetakganghwaltang,東醫方劑 處方解說
Namchiljeonwon,肺系內科學
Namyeopsan,東醫方劑 處方解說
Nanchotang,脾系內科學
Nanganjeon,方劑學
Nanhyangeumja,東醫方劑 處方解說
Napbanhwan,脾系內科學
Napjeonsan,肺系內科學
Noegonghwan,脾系內科學
Nogangyangwitang,東醫方劑 處方解說
Nogyongdaebotang,東醫方劑 處方解說
Nogyonghwan,東醫方劑 處方解說
Nogyongsageunhwan,東醫方劑 處方解說
Nohageum,東醫方劑 處方解說
Nohoehwan,腎系內科學
Nokgakdaebotang,肝系內科學
Nokgakgyohwan,心系內科學
Nokgaksanghwan,腎系內科學
Nokposan,心系內科學
Nyeongsimgo,東醫方劑 處方解說
Obitang,東醫方劑 處方解說
Ochimtang,心系內科學
Odugyejitang,東醫方劑 處方解說
Odutang,心系內科學
Oeumtang,東醫方劑 處方解說
Ogaeksan,肺系內科學
Ogaektang,心系內科學
Ogalsan,東醫方劑 處方解說
Oganhwan,東醫方劑 處方解說
Ohochupungsan,方劑學
Ohoijintang,東醫方劑 處方解說
Ohotang,東醫方劑 處方解說
Ohyangbaekchulsan,東醫方劑 處方解說
Oinhwan,方劑學
Ojahwan,腎系內科學
Ojayeonjonghwan,腎系內科學
Ojeoksan,心系內科學
Ojeonghwan,腎系內科學
Ojeubanjungeum,脾系內科學
Ojeubanjungeum(Heombang)Gami,脾系內科學
Ojeubeum,脾系內科學
Ojeubokcheonhwan,東醫方劑 處方解說
Ojeungtang,心系內科學
Ojisan,肺系內科學
Okbunhwan,肺系內科學
Okbyeongpungsan,心系內科學
Okchoksan,東醫方劑 處方解說
Okchudan,脾系內科學
Okhwasan,肺系內科學
Okjinsan,方劑學
Okjiwon,肺系內科學
Okseoltang,東醫方劑 處方解說
Ollulbocheonhwan,東醫方劑 處方解說
Omaehwan,方劑學
Omaeumja,心系內科學
Omaeumja Hap Wiryeongtanggagam,脾系內科學
Omiigongsan Gami,肺系內科學
Omijasan,方劑學
Omijatang,東醫方劑 處方解說
Omisodogeum,方劑學
Onbaegwon,腎系內科學
Onbaekhwan,東醫方劑 處方解說
Onbisan,東醫方劑 處方解說
Onbitang,方劑學
Oncheongeum,東醫方劑 處方解說
Ondamtang,心系內科學
Ongeumsan,肺系內科學
Ongnosan,東醫方劑 處方解說
Ongnyeojeon,方劑學
Ongyeongigwontang,東醫方劑 處方解說
Ongyeongtang,方劑學
Onhaesan,東醫方劑 處方解說
Onjunghwadamhwan,肺系內科學
Onpyejiryudan,肺系內科學
Onpyetang,肺系內科學
Onsinhwan,東醫方劑 處方解說
Onsinsan,腎系內科學
Onsintang,腎系內科學
Onwieum,脾系內科學
Onwihwadamhwan,肺系內科學
Onwitang,心系內科學
Onyanghwalhyeoltang,肺系內科學
Onyukhwan,脾系內科學
Oondan,肺系內科學
Opieum,心系內科學
Opisan,方劑學
Orimsan,方劑學
Oryeongsan,心系內科學
Oryeongsan Gami,肺系內科學
Oseonhwan,肺系內科學
Osintang,方劑學
Osuyubujaijungtang,腎系內科學
Osuyutang,方劑學
Oyaksungisan,心系內科學
Oyotang,東醫方劑 處方解說
Padamsoeumwon,肺系內科學
Paedoksan,方劑學
Paedoksangagam,肺系內科學
Paegamsan,肺系內科學
Paemogo,東醫方劑 處方解說
Paemogwarusan,方劑學
Paemosan,肺系內科學
Paemotang,肺系內科學
Pageukhwan,東醫方劑 處方解說
Pagwansan,肝系內科學
Pagyeoldan,肺系內科學
Pajeokdoeumhwan,東醫方劑 處方解說
Palbohoechuntang,東醫方劑 處方解說
Paljeongsan,心系內科學
Paljinsan,東醫方劑 處方解說
Paljintang,心系內科學
Paljintanggagam,脾系內科學
Paljusan,東醫方劑 處方解說
Palmibosinhwan,東醫方劑 處方解說
Palmigwandonghwasan,肺系內科學
Palmihwan,東醫方劑 處方解說
Palmiijunghwan,東醫方劑 處方解說
Palmijihwanghwan,肺系內科學
Palmijihwangwon,肺系內科學
Palmisungisan,東醫方劑 處方解說
Palmitang,肺系內科學
Palmuljeongjiwon,東醫方劑 處方解說
Palmultang,東醫方劑 處方解說
Palpungdan,肺系內科學
Palseongo,東醫方劑 處方解說
Pauldan,脾系內科學
Pilhyosan,東醫方劑 處方解說
Piryongbanggamgiltang,東醫方劑 處方解說
Podaehwan,方劑學
Poryonghwan,方劑學
Punghwasangyocheonggyujungjangbu,心系內科學
Pyeongbojichulhwan,心系內科學
Pyeongbojinsimdan,東醫方劑 處方解說
Pyeonggansahwatang,心系內科學
Pyeonggansungibojunghwan,東醫方劑 處方解說
Pyeonggansungihwajunghwan,脾系內科學
Pyeonggisan,肺系內科學
Pyeonghyeoreum,東醫方劑 處方解說
Pyeongjeukhwan,東醫方劑 處方解說
Pyeongjingeonbitang,心系內科學
Pyeongjintang,東醫方劑 處方解說
Pyeongpyesan,肺系內科學
Pyeongpyetang,東醫方劑 處方解說
Pyeongwibunsoeum,脾系內科學
Pyeongwijiyutang,東醫方劑 處方解說
Pyeongwisan,心系內科學
Ryeongjiwon,東醫方劑 處方解說
Ryeongpyetang,東醫方劑 處方解說
Ryeongseonjetongeum,東醫方劑 處方解說
Ryongdamsagantang,東醫方劑 處方解說
Ryonghotang,東醫方劑 處方解說
Ryugieumja,東醫方劑 處方解說
Sabaeganwieum,東醫方劑 處方解說
Sabaekdan,東醫方劑 處方解說
Sabaeksan,心系內科學
Sabaeksan Gami,肺系內科學
Sacheonghwan,心系內科學
Sachiltang,心系內科學
Sachiltang Gami,肺系內科學
Saengbusagunjatang,東醫方劑 處方解說
Saengcheollageum,方劑學
Saengganbosimtang,肝系內科學
Saenggangbanhatang,脾系內科學
Saenggangeonbitang,肝系內科學
Saengganggamchotang,肺系內科學
Saengganggyulpitang,脾系內科學
Saenggangsasimtang,方劑學
Saenggantang,肝系內科學
Saenggueum,脾系內科學
Saenghwatang,方劑學
Saenghyeoryunbueum,肺系內科學
Saengjigeumnyeontang,肝系內科學
Saengjinbohyeoltang,脾系內科學
Saengjingamnotang,東醫方劑 處方解說
Saengjinyanghyeoltang,東醫方劑 處方解說
Saengjinyunjangtang,肝系內科學
Saengmaeksan,心系內科學
Saengmaeksan Hap Yukgunjatanggagam,脾系內科學
Saengmaeksangagambang,脾系內科學
Saengmaeksanhapsambuyongmotanggagam,肺系內科學
Saengmaeksanhapsamjayangchintang,肺系內科學
Saengmodan,東醫方劑 處方解說
Saengnyosamultang,東醫方劑 處方解說
Saganmahwangtang,方劑學
Sagantang,肝系內科學
Sagungsan,心系內科學
Sagunjatang,心系內科學
Sahaptang,東醫方劑 處方解說
Sahwacheongpyetang,肺系內科學
Sahwangsan,心系內科學
Sahyangsan,腎系內科學
Sahyangsohabwon,心系內科學
Sajajojungtang,脾系內科學
Sajechangbaekhwan,東醫方劑 處方解說
Sajeupgo,肺系內科學
Sajusan,脾系內科學
Samaeum,脾系內科學
Samatang,方劑學
Sambaekhwan,肺系內科學
Sambaeksan,腎系內科學
Sambaektang,東醫方劑 處方解說
Sambitang,心系內科學
Sambohwan,肺系內科學
Sambohwan Gami,肺系內科學
Sambojichulhwan,東醫方劑 處方解說
Sambutang,心系內科學
Sambuyongmotang,心系內科學
Samcheunghoehyanghwan,方劑學
Samchulbanhatang,東醫方劑 處方解說
Samchulbobitang,東醫方劑 處方解說
Samchulgeonbihwan,脾系內科學
Samchulgeonbitang,東醫方劑 處方解說
Samchulgo,東醫方劑 處方解說
Samchuljojungtang,東醫方劑 處方解說
Samchuljowongo,脾系內科學
Samchulsan,心系內科學
Samchultang,東醫方劑 處方解說
Samchureum,東醫方劑 處方解說
Samduhaejeongtang,脾系內科學
Samgaesan,肺系內科學
Samgapbongmaektang,方劑學
Samgeuneum,脾系內科學
Samgibopyetang,東醫方劑 處方解說
Samgieum,脾系內科學
Samgigeonjungtang,東醫方劑 處方解說
Samgitang,東醫方劑 處方解說
Samgwibyeolgabeum,東醫方劑 處方解說
Samgwibyeolgapsan,肺系內科學
Samgwiigwontang,心系內科學
Samgwiyangyeongtang,心系內科學
Samgyuljeon,肺系內科學
Samhaptang,東醫方劑 處方解說
Samhosambaektang,東醫方劑 處方解說
Samhwangbohyeoltang,東醫方劑 處方解說
Samhwangjichulhwan,東醫方劑 處方解說
Samhwangpaedoksan,東醫方劑 處方解說
Samhwangsasimtang,心系內科學
Samhwangtang,心系內科學
Samhwasan,東醫方劑 處方解說
Samhwasinseokhwan,肺系內科學
Samhwasinuhwan,心系內科學
Samhwatang,東醫方劑 處方解說
Samhyangsan,東醫方劑 處方解說
Samihoehyangsan,腎系內科學
Samilseunggitang,東醫方劑 處方解說
Samilsingihwan,東醫方劑 處方解說
Saminchongbaeksan,東醫方劑 處方解說
Saminjuk,脾系內科學
Samintang,方劑學
Samintanggagam,脾系內科學
Samisuryeonhwan,脾系內科學
Samjabaegitang,脾系內科學
Samjaebongsudan,肝系內科學
Samjaehwan,肝系內科學
Samjayangchintang,心系內科學
Samjeonghwan,肝系內科學
Sammiansinhwan,肺系內科學
Sammisamyutang,脾系內科學
Sammulbaeksan,心系內科學
Sammulbigeuphwan,方劑學
Sammyohwan,心系內科學
Samneunghwajeokhwan,東醫方劑 處方解說
Samneungjeonwon,脾系內科學
Samneungsojeokhwan,脾系內科學
Samnyeongbaekchulhwan,東醫方劑 處方解說
Samnyeongbaekchulsan,心系內科學
Samnyeongbaekchulsangagam,脾系內科學
Samnyeongbaekchulsangami,脾系內科學
Samnyeongjangbiwon,脾系內科學
Samnyeongwon,脾系內科學
Samnyeongyeonchulsan,東醫方劑 處方解說
Samnyeontang,脾系內科學
Samsantang,腎系內科學
Samseongdan,肺系內科學
Samseongsan,方劑學
Samseonhwan,肺系內科學
Samseuptang,東醫方劑 處方解說
Samsinhwan,脾系內科學
Samsoeum,心系內科學
Samsoeumgagam,肺系內科學
Samsoonpyetang,東醫方劑 處方解說
Samulgoryeontang,東醫方劑 處方解說
Samulhwangguhwan,東醫方劑 處方解說
Samuljogyeongtang,東醫方劑 處方解說
Samultang,心系內科學
Samultang Gami,肺系內科學
Samultanghabijintang Gami,肺系內科學
Samultanghaboinhwan,肺系內科學
Samuransintang,心系內科學
Samurojawon,東醫方劑 處方解說
Samuryongdamtang,東醫方劑 處方解說
Samyohwan,方劑學
Samyosan,方劑學
Samyotang,方劑學
Samyotang Gami,肺系內科學
Samyoyongantang,方劑學
Samyueum,東醫方劑 處方解說
Samyuhwan,東醫方劑 處方解說
Sanchijihwangtang,肝系內科學
Sanchwitang,肝系內科學
Sangbaekpitang,心系內科學
Sangcheongbaekbujahwan,東醫方劑 處方解說
Sangchojeonggitang,肺系內科學
Sangdan,腎系內科學
Sanggugeum,方劑學
Sanghabunsodogitang,肺系內科學
Sanghaengtang,方劑學
Sangmahwan,方劑學
Sangpisan,東醫方劑 處方解說
Sangpyososan,方劑學
Sanhyeolsojongtang,脾系內科學
Sanjeonghwan,肺系內科學
Sanjointang,心系內科學
Sanjonggwegyeontang,東醫方劑 處方解說
Sansagukchulhwan,脾系內科學
Sansatang,肺系內科學
Sanultang,東醫方劑 處方解說
Saryeongopitang,東醫方劑 處方解說
Saryeongsan,方劑學
Sasaenghwan,方劑學
Sasammaengmundongtang,方劑學
Sasammaengmundongtanghabojeubeum,肺系內科學
Sasangjatang,腎系內科學
Saseuptang,脾系內科學
Sasimtang,方劑學
Sasinhwan,方劑學
Sasinhwan Hap Bujaijunghwangagam,脾系內科學
Sasinhwangami,脾系內科學
Sasintang,東醫方劑 處方解說
Sasueum,東醫方劑 處方解說
Sasuncheongyangeum,心系內科學
Sasunijunghwan,東醫方劑 處方解說
Satangwon,脾系內科學
Sayeokgabanhasaenggangtang,脾系內科學
Sayeokgainsamtang,心系內科學
Sayeoksan,心系內科學
Sayeoksangami,脾系內科學
Sayeoktang,心系內科學
Sayuktang,肝系內科學
Sedoksan,腎系內科學
Seganmyeongmoktang,東醫方劑 處方解說
Seogageum,肝系內科學
Seogakgilgyeongtang,心系內科學
Seogakjihwangtang,心系內科學
Seogakseungmatang,東醫方劑 處方解說
Seogaksodogeum,肝系內科學
Seogaktang,心系內科學
Seogwisan,東醫方劑 處方解說
Seogyeongsan,脾系內科學
Seohwanghwan,方劑學
Seokgogyagwanghwan,方劑學
Seokgoinjinsan,肝系內科學
Seokgosan,肝系內科學
Seokgotang,方劑學
Seokgyeolmyeongsan,腎系內科學
Seokjajenitang,東醫方劑 處方解說
Seomsohwan,方劑學
Seonbanghwalmyeongeum,方劑學
Seonbitang,心系內科學
Seonbokdaejatang,方劑學
Seonbokhwadaejaseoktang,肺系內科學
Seonbokhwatang,東醫方劑 處方解說
Seoncheongwiiltang,東醫方劑 處方解說
Seondokbalpyotang,方劑學
Seongbantang,脾系內科學
Seongbisan,東醫方劑 處方解說
Seongbiyugwitang,東醫方劑 處方解說
Seongchulhwan,脾系內科學
Seonghyanghwan,肺系內科學
Seonghyangjeonggisan,肝系內科學
Seongjucheonggantang,脾系內科學
Seongpungtang,肝系內科學
Seongsanja,肺系內科學
Seongseongsan,東醫方劑 處方解說
Seongsimsan,東醫方劑 處方解說
Seongsohwan,方劑學
Seongyutang,方劑學
Seonjeonhwadoktang,東醫方劑 處方解說
Seontoesan,腎系內科學
Seonyugeunhwan,腎系內科學
Seonyuryangtang,腎系內科學
Seopssiyangwitang,脾系內科學
Seoryeonhwan,東醫方劑 處方解說
Sepyesan,肺系內科學
Setaptang,腎系內科學
Seungbarijintang,東醫方劑 處方解說
Seunggeumsan,心系內科學
Seunggimdan,東醫方劑 處方解說
Seunggiyangyeongtang,方劑學
Seunghamtang,方劑學
Seungjijowitang,腎系內科學
Seungmabyeolgaptang,肝系內科學
Seungmachangchultang,東醫方劑 處方解說
Seungmagalgeuntang,方劑學
Seungmahaedoktang,腎系內科學
Seungmahwagieum,東醫方劑 處方解說
Seungmahwangnyeonhwan,脾系內科學
Seungmatang,東醫方劑 處方解說
Seungmawipungtang,東醫方劑 處方解說
Seungseuptang,東醫方劑 處方解說
Seungyangbogitang,肝系內科學
Seungyangbowitang,東醫方劑 處方解說
Seungyangigwitang,方劑學
Seungyangjeseuphwahyeoltang,肝系內科學
Seungyangjeseuptang,脾系內科學
Seungyangsanhwatang,心系內科學
Seungyangsungitang,脾系內科學
Sibimijihwangtang,腎系內科學
Sibyungmiryugieum,東醫方劑 處方解說
Sichetang,方劑學
Sigalhaegitang,方劑學
Sigyeongbanhatang,心系內科學
Sigyeongtang,心系內科學
Sihamtang,心系內科學
Sihobaekhotang,方劑學
Sihocheongganeum,脾系內科學
Sihocheonggantang,肝系內科學
Sihodarwoneum,方劑學
Sihoeokgantang,東醫方劑 處方解說
Sihoeumja,心系內科學
Sihogagyetang,肺系內科學
Sihogayonggolmoryeotang,東醫方劑 處方解說
Sihogyegangtang,肺系內科學
Sihogyejigeongangtang,方劑學
Sihogyejitang,東醫方劑 處方解說
Sihohamhyungtang,方劑學
Sihojigaktang,肺系內科學
Sihojigiltang,方劑學
Sihojihwangtang,東醫方劑 處方解說
Sihojimotang,東醫方劑 處方解說
Sihosamultang,東醫方劑 處方解說
Sihoseungmatang,肺系內科學
Sihosoganeum,脾系內科學
Sihosogansan,心系內科學
Sihosogansangami,脾系內科學
Sihosogantang,肝系內科學
Sihotonggyeongtang,腎系內科學
Sihoyeongyotang,東醫方劑 處方解說
Sijaebaekchulsan,肝系內科學
Sijebaekchulsan,東醫方劑 處方解說
Sijessangbohwan,東醫方劑 處方解說
Sijintang,心系內科學
Sikbunhwan,肝系內科學
Silbieum,心系內科學
Silbisan,方劑學
Siljangsan,東醫方劑 處方解說
Silsosan,心系內科學
Simmichangbaeksan,東醫方劑 處方解說
Simmidojeoksan,東醫方劑 處方解說
Simmigungsosan,東醫方劑 處方解說
Simmihwahaesan,東醫方劑 處方解說
Simmihyangyueum,東醫方劑 處方解說
Simmiondamtang,方劑學
Sinbeopbanhatang,肺系內科學
Sinbijwagyeongtang,東醫方劑 處方解說
Sinbitang,肺系內科學
Sinbowon,心系內科學
Sinchaktang,腎系內科學
Sinchulhwan,肺系內科學
Sinchulsan,心系內科學
Sindaltang,東醫方劑 處方解說
Singahwangnyongtang,方劑學
Singahyangyueum,方劑學
Singihwan,方劑學
Singisan,東醫方劑 處方解說
Singwijaeumhwan,心系內科學
Sinhyosamhyangsan,脾系內科學
Sinhyosan,心系內科學
Sinisan,肺系內科學
Sinjegyulpijugyeotang,方劑學
Sinnyeongdan,心系內科學
Sinseodan,方劑學
Sinseonbulchwidan,脾系內科學
Sinseonchimsawon,心系內科學
Sinseongbokgitang,心系內科學
Sinseongijedan,東醫方劑 處方解說
Sinseongugitang,心系內科學
Sinsusan,肺系內科學
Sinsutaeeulsan,東醫方劑 處方解說
Sintongchugeotang,心系內科學
Sipbohwan,方劑學
Siphoesan,方劑學
Sipjeondaebotang,心系內科學
Sipjeondaebotanggagam,脾系內科學
Sipjotang,心系內科學
Sippalmijeongchimtugyeoksangagam,脾系內科學
Sipsamigeonjungtang,東醫方劑 處方解說
Sipsauhwan,肝系內科學
Sipseonsan,脾系內科學
Sipsintang,東醫方劑 處方解說
Sipyeongtang,方劑學
Siryeongtang,東醫方劑 處方解說
Soahoechundan,方劑學
Sobancheongdaeeum,東醫方劑 處方解說
Sobanhatang,方劑學
Sobanhatang Hap Yeonggyechulgamtang,脾系內科學
Sobokchugeotang,方劑學
Sobuncheongeum,腎系內科學
Sochageumja,方劑學
Sochangeumja,東醫方劑 處方解說
Sochehwan,脾系內科學
Socheongnyongtang,方劑學
Socheongnyongtang Gami,肺系內科學
Socheongyongtang,東醫方劑 處方解說
Sodalgeonbitang,肝系內科學
Sodamcheongpyetang,肺系內科學
Sodamonbitang,脾系內科學
Sodogeum,腎系內科學
Sodoktang,東醫方劑 處方解說
Sodosajawon,腎系內科學
Sodoseunggitang,脾系內科學
Soeoeum,東醫方劑 處方解說
Soeotang,脾系內科學
Soeuminbojungikgitang,東醫方劑 處方解說
Sogalbang,腎系內科學
Sogampaedoksan,東醫方劑 處方解說
Sogamwon,脾系內科學
Sogeonjungtang,心系內科學
Sogeonjungtang Gami,肺系內科學
Sogeumdan,方劑學
Sogotang,脾系內科學
Sogunghwangtang,肝系內科學
Sogyeeumja,心系內科學
Sohamhyungtang,心系內科學
Sohamhyungtanghapsosihotang,肺系內科學
Sohaphyanghwan,方劑學
Sohaphyangwon,心系內科學
Sohwallakdan,方劑學
Sohwanghwan,肺系內科學
Sojadodamganggitang,東醫方劑 處方解說
Sojaganggitang,心系內科學
Sojajeon,肺系內科學
Sojeokjeongwonsan,東醫方劑 處方解說
Sojeongpungju,方劑學
Sojojungtang,肝系內科學
Sojugeowon,脾系內科學
Sokhyosan,東醫方劑 處方解說
Soksadan,東醫方劑 處方解說
Somajuk,肝系內科學
Songmyeongtang,肝系內科學
Songyedan,腎系內科學
Sonongeum,東醫方劑 處方解說
Soochimtang,肺系內科學
Soonghaedoktang,肝系內科學
Soonjunghwan,肝系內科學
Sopungbosimtang,肝系內科學
Sopungcheokdamtang,肝系內科學
Sopunghwadamtang,東醫方劑 處方解說
Sopunghwalhyeoltang,心系內科學
Sopungpaedoksan,東醫方劑 處方解說
Sopungsan,方劑學
Sopungsungitang,東醫方劑 處方解說
Sopungsungiwon,肝系內科學
Sopungtang,東醫方劑 處方解說
Sopungyeongsutang,肺系內科學
Sopungyunjanghwan,東醫方劑 處方解說
Sorahwan,方劑學
Sorajohwan,肺系內科學
Sosanhwan,腎系內科學
Sosasilpyotang,東醫方劑 處方解說
Soseunggitang,方劑學
Sosihotang,心系內科學
Sosihotang Gami,肺系內科學
Sosikcheonggantang,肝系內科學
Sosikcheongultang,東醫方劑 處方解說
Sosongmyeongtang,心系內科學
Sotangpaedoksan,腎系內科學
Sotongseongsan,東醫方劑 處方解說
Sowidan,心系內科學
Soyosan,方劑學
Soyosangagam,脾系內科學
Ssangbohwan,東醫方劑 處方解說
Ssangbojeongcheontang,肺系內科學
Ssanghaeeumja,肺系內科學
Ssanghaesan,東醫方劑 處方解說
Ssanghaptang,東醫方劑 處方解說
Ssanghwatang,心系內科學
Ssangoksan,肺系內科學
Subijeon,肝系內科學
Suhwabuncheongeum,腎系內科學
Sujamokhyangwon,脾系內科學
Sukjihwanghwan,東醫方劑 處方解說
Sungaebisinhwan,肺系內科學
Sungidodamtang,東醫方劑 處方解說
Sungihwajungtang,心系內科學
Sungihwan,脾系內科學
Sungimokhyangeum,脾系內科學
Sungimokhyangsan,東醫方劑 處方解說
Sungisan,東醫方劑 處方解說
Sunyeomsan,心系內科學
Supunghaedoktang,腎系內科學
Supungyunjanghwan,肝系內科學
Suryeonhwan,脾系內科學
Suryugiseondan,方劑學
Suyunaesowon,腎系內科學
Swaeyangdan,腎系內科學
Taeeulmyeongwoldan,肺系內科學
Taeeumjowitang,腎系內科學
Taehwahwan,東醫方劑 處方解說
Taemusinchulsan,東醫方劑 處方解說
Taesanbanseoksan,方劑學
Talmyeongdan,肺系內科學
Tangnibongnyeongtang,東醫方劑 處方解說
Tangnihwajungtang,東醫方劑 處方解說
Tangnihwanggitang,東醫方劑 處方解說
Tangniikgitang,東醫方劑 處方解說
Tangnisan,東醫方劑 處方解說
Tangnisodogeum,東醫方劑 處方解說
Tangnisodoksan,東醫方劑 處方解說
Tangnitunongsan,方劑學
Tangnitunongtang,東醫方劑 處方解說
Tanongsan,東醫方劑 處方解說
Toegimhwan,東醫方劑 處方解說
Toehwanghwan,東醫方劑 處方解說
Toehwangsan,東醫方劑 處方解說
Toeyeolcheonggitang,東醫方劑 處方解說
Tongaesan,肺系內科學
Tongdosan,東醫方劑 處方解說
Tongeojeon,心系內科學
Tonggigupungtang,東醫方劑 處方解說
Tonggwaneum,東醫方劑 處方解說
Tonggwansan,方劑學
Tonggyeonghwan,東醫方劑 處方解說
Tonggyeongsamultang,東醫方劑 處方解說
Tonggyeongtang,東醫方劑 處方解說
Tonggyuhwalhyeoltang,心系內科學
Tongmaeksayeokgajeodamjeuptang,方劑學
Tongmaeksayeoktang,方劑學
Tongmyeongigitang,東醫方劑 處方解說
Tongnyeongsan,心系內科學
Tongsayobang,脾系內科學
Tongsayobanggami,脾系內科學
Tongyeongsan,東醫方劑 處方解說
Tongyutang,脾系內科學
Tongyutanggagam,脾系內科學
Tosabojeonghwan,腎系內科學
Tosajahwan,腎系內科學
Tucheonsan,東醫方劑 處方解說
Tugyeoktang,東醫方劑 處方解說
Tunongsan,方劑學
Ubanghaegitang,方劑學
Ugeosingihwan,方劑學
Ugongsan,東醫方劑 處方解說
Ugwieum,方劑學
Ugwihwan,方劑學
Ugwihwangami,脾系內科學
Uhwangcheongsimhwan,方劑學
Uhwangcheongsimwon,心系內科學
Uhwanghwan,肝系內科學
Uhwangjeongjihwan,東醫方劑 處方解說
Uiibujapaejangsan,方劑學
Uiibujasan,脾系內科學
Uiiintang,心系內科學
Ulhwasan,肺系內科學
Ungjudan,肺系內科學
Unmogo,脾系內科學
Unnimyunsinhwan,東醫方劑 處方解說
Useondan,肺系內科學
Useulsan,東醫方劑 處方解說
Useultang,東醫方劑 處方解說
Uyeoryanghwan,脾系內科學
Wandaetang,方劑學
Waryongjaseongnyeomhwan,脾系內科學
Wigwanjeon,脾系內科學
Wigwanjeongami,脾系內科學
Wigyeongtang,方劑學
Wigyeongtanghabomisodogeumgagam,肺系內科學
Wipisan,脾系內科學
Wipungtang,東醫方劑 處方解說
Wiryeongtang,方劑學
Wiryeongtanggami,脾系內科學
Wisaengtang,東醫方劑 處方解說
Wiyutang,方劑學
Wiyutang Gami,肺系內科學
Wolbigabanhatang,肺系內科學
Wolbitang,方劑學
Wolbitanggabanhatang,肺系內科學
Wolgukhwan,方劑學
Wolhwahwan,方劑學
Wonjihwan,肺系內科學
Yagwangyuksinhwan,東醫方劑 處方解說
Yagyeongjeon,脾系內科學
Yangbihwan,東醫方劑 處方解說
Yangbuhwan,方劑學
Yangdantang,東醫方劑 處方解說
Yangdokchijatang,東醫方劑 處方解說
Yangeumcheongpyetang,方劑學
Yangganhwan,東醫方劑 處方解說
Yanggyeokcheongjangsan,脾系內科學
Yanggyeoksan,心系內科學
Yanggyeoksan Gami,肺系內科學
Yanggyeoksangagam,脾系內科學
Yanggyeoksanhwatang,心系內科學
Yanghwatang,方劑學
Yanghyeolgeopungtang,東醫方劑 處方解說
Yanghyeoljanggeungeonbohwan,東醫方劑 處方解說
Yanghyeoljihwangtang,脾系內科學
Yanghyeolsamultang,東醫方劑 處方解說
Yangjintang,脾系內科學
Yangmaeiljesan,肝系內科學
Yangsimtang,心系內科學
Yanguijeon,腎系內科學
Yangwidan,東醫方劑 處方解說
Yangwijinsiktang,東醫方劑 處方解說
Yangwitang,脾系內科學
Yangwonsan,脾系內科學
Yangyeongtang,東醫方劑 處方解說
Yangyubang,東醫方劑 處方解說
Yeogwaktang,心系內科學
Yeoldahansotang,腎系內科學
Yeomtangtamtobang,方劑學
Yeonbageum,方劑學
Yeonbuyugiltang,心系內科學
Yeonggakgudeungtang,方劑學
Yeonggamgangmisintang,脾系內科學
Yeonggamomigangsintang,方劑學
Yeonggangchulgamtang,方劑學
Yeonggyechulgamtang,心系內科學
Yeonggyegamchotang,脾系內科學
Yeongpyetang,肺系內科學
Yeongsadan,肺系內科學
Yeongseonjetongeum,心系內科學
Yeongsugo,肺系內科學
Yeongsuhwadamtang,肺系內科學
Yeongwisan,東醫方劑 處方解說
Yeongyanggagwon,脾系內科學
Yeongyanggaksan,肝系內科學
Yeongyanggaktang,心系內科學
Yeongyanggudeungtang,心系內科學
Yeongyangjogudeungtang,肺系內科學
Yeongyopaedoksan,方劑學
Yeongyosan,東醫方劑 處方解說
Yeongyosanhapgwaruubangtang,肺系內科學
Yeongyoseungmatang,東醫方劑 處方解說
Yeonhosaeksan,方劑學
Yeonjintang,脾系內科學
Yeonjotang,脾系內科學
Yeonmaeanhoetang,方劑學
Yeonnitang,脾系內科學
Yeonnyeoncheonmundongjeon,肺系內科學
Yeonnyeonggobondan,東醫方劑 處方解說
Yeonnyeoniksubunodan,肝系內科學
Yeonsimsan,肺系內科學
Yeoseongeum,心系內科學
Yeoseongtang,脾系內科學
Yeouidan,肺系內科學
Yeouihwan,肺系內科學
Yongdamsagantang,心系內科學
Yongdamsagantang Hap Dojeoksangagam,脾系內科學
Yonggolsan,腎系內科學
Yonghodan,心系內科學
Yonghotang,東醫方劑 處方解說
Yongjuhwan,腎系內科學
Yongnoeansinhwan,肝系內科學
Yongnoesohabwon,肝系內科學
Yongnoetang,脾系內科學
Yuganjeon,東醫方劑 處方解說
Yugeumtongnaktang,心系內科學
Yugieumja,肺系內科學
Yugilsan,方劑學
Yugilsungitang,東醫方劑 處方解說
Yugultang,東醫方劑 處方解說
Yugyukhwan,腎系內科學
Yukgunjatang,方劑學
Yukgunjatanghapsamjayangchintanghapjisusangagam,肺系內科學
Yukhaptang,東醫方劑 處方解說
Yukhwatang,心系內科學
Yukjusan,脾系內科學
Yuksinsan,東醫方劑 處方解說
Yuksintang,脾系內科學
Yungmatang,脾系內科學
Yungmihoeyangeum,脾系內科學
Yungmihwan,肺系內科學
Yungmijihwanghwan,心系內科學
Yungmijihwangtang,肺系內科學
Yungmijihwangtang Gami,肺系內科學
Yungmijihwangtanggami,脾系內科學
Yungmijihwangwon,東醫方劑 處方解說
Yunhahwan,肺系內科學
Yunhyeoreum,東醫方劑 處方解說
Yunjanghwaeotang,脾系內科學
Yunjanghwan,方劑學
Yunjanghwan Hap Hyeolbuchugeotanggagam,脾系內科學
Yunpyegaegitang,肺系內科學
Yunpyego,肺系內科學
Yunpyehwaldamnyeongsutang,東醫方劑 處方解說
Yunpyehwaldamyeongsutang,肺系內科學
Yunpyehwan,肺系內科學
Yunpyejesusan,肺系內科學
Yunpyesan,肺系內科學
Yunpyetang,方劑學
Yupungtang,肝系內科學
Yuryeongtang,脾系內科學
Yutongsan,心系內科學
